latitude;longitude;altitude;geometry;address;description;facilities;imageThumbnail;kategori;nama;;;;;
-80.164.231;1.122.097.501;;Point;Penataran, Nglegok, Blitar, Jawa Timur 66181;Candi Penataran secara administratif terletak di Desa Penataran, Kec. Nglegok, Kab.Blitar. Candi ini terletak sekitar 12 km di utara Kota Blitar, berada di kaki Gunung Kelud. Merupakan komplek candi dengan tataruang persegi, memanjang dari barat ke timur yang dibagi menjadi tiga pelataran. Dahulu antar pelataran dipisahkan oleh dinding, namun saat ini dinding yang dimaksud telah runtuh. Komplek candi ini terdiri dari pintu masuk utama, pendopo agung, teras pendopo, Candi Angka Tahun, Candi Naga, Candi Induk, tubuh candi induk, dan Petirtaan Dalam. Candi Penataran merupakan salah satu contoh luar biasa dari ciri arsitektur Jawa Timur, di mana candinya berupa struktur berundak dengan tempat paling suci terletak pada sisi belakang candi.;candi;IMG_1504006362459.jpg;candi;Candi Penataran;;;;;
-8.315.604;1.121.435.613;;Point;Tambakrejo, Wonotirto, Blitar, Jawa Timur 66173;<p>Pantai Tambakrejo terletak di Desa Tambakrejo, Kecamatan Wonotirto, Kabupaten Blitar, atau sekitar 30 km ke&nbsp;;;;;;;;;
-83.321.342;1.123.298.253;;Point;Ringinsari, Ringenrejo, Wates, Blitar, Jawa Timur 66194;<p>Pantai lain yang tidak kalah favorit di kabupaten Blitar adalah Pantai Jolosutro. Pantai ini memiliki pasir hitam yang halus, tetapi tetap menawarkan keindahan alam yang tidak ada duanya. Pantai eksotis ini juga cukup terkenal bagi kalangan peselancar karena memiliki ombak yang cukup besar, sehingga bagi kalian yang berniat untuk bermain air di pantai ini, diharap selalu waspada. Lokasi pantai ini terletak di Desa Ringenrejo, Kecamatan Wates, Kabupaten Blitar, atau berjarak 45 Km dari pusat Kota Blitar. Selain itu, lokasi pantai ini juga berbatasan dengan Kabupaten Malang, sehingga cocok untuk dijadikan tempat singgah melepas penat ketika sedang menempuh perjalanan ke Malang.</p>;pantai;IMG_1514262263235.jpg;pantai;Pantai Jolosutro di Blitar;;;;;
-83.124.219;112.110.525;;Point;Tumpakkepuh, Bakung, Blitar, Jawa Timur 66163;<p>Pantai Pangi merupakan salah satu tempat wisata pantai di Blitar yang cukup terkenal. Pantai ini tampak seperti teluk, dengan bebatuan karang yang menutupinya. Lokasinya yang cukup tersembunyi menyebabkan keasrian alam pantai ini tetap terjaga. Selain itu, pantai ini menawarkan suasana pedesaan yang akan membuat kalian betah berlama-lama di tempat wisata ini. Apabila kalian ingin &ldquo;;;;;;;;;
-83.237.473;112.148.797;;Point;Tambakrejo, Wonotirto, Blitar, Jawa Timur 66173;<p>Apabila kalian berkunjung ke wisata Blitar Pantai Tambakrejo, sempatkan untuk mengunjungi pesanggrahan yang terletak di atas bukit pantai tersebut. Lokasi ini menawarkan keindahan pemandangan pantai yang indah, serta dipadukan dengan suasana senja yang romantis. Pesanggrahan ini merupakan sebuah penginapan yang memiliki beberapa fasilitas istimewa, mulai dari bedroom, hingga ruang rapat yang sangat cocok untuk dijadikan tempat meeting.</p>;pantai;IMG_1505786176043.jpg;pantai;Wisata Pesanggrahan Tambakrejo di Blitar;;;;;
-83.315.725;11.222.294;;Point;Serang, Panggungrejo, Blitar, Jawa Timur 66174;<p>Salah satu tempat wisata di Blitar yang wajib dikunjungi adalah Pantai Serang. Salah satu daya tarik dari pantai ini adalah pasir putih bersih dan halus, tentu saja sangat instagramable. Pantai ini berlokasi di Desa Serang, Kecamatan Panggungrejo, Kabupaten Blitar, atau 45 km ke arah barat daya Kota Blitar. Pantai ini juga cukup aman untuk dijadikan lokasi berenang karena memiliki ombak yang tidak terlalu besar.</p>;pantai,resto,atv,penakaran penyu;IMG_1516157704873.jpg;pantai;Wisata Pantai Serang di Blitar;;;;;
-83.439.332;1.122.346.652;;Point;Dusun Pehpulo, Sumbersih, Panggungrejo, Blitar, Jawa Timur 66174;<p>Satu lagi lokasi pantai yang memiliki keindahan alam di bagian selatan Kabupaten Blitar adalah Pantai Peh Pulo. Lokasi pantai ini terletak di daerah Panggung Rejo atau dapat ditempuh menggunakan kendaraan pribadi selama kurang lebih Sembilan puluh menit. Wisata pantai Blitar ini cukup tersembunyi dan panorama alamnya masih cukup asri. Selain itu, pantai ini juga menjadi salah satu tempat wisata Blitar terbaru yang sangat direkomendasikan untuk kalian kunjungi.</p>;pantai;IMG_1505786679494.jpg;pantai;Wisata Pantai Peh Pulo di Blitar;;;;;
-8.320.544;112.148.355;;Point; Tambakrejo, Wonotirto, Blitar, Jawa Timur 66173;<p>Mendengar namanya saja sudah cukup seram, bukan? Namun demikian, pesona wisata alam di Blitar ini memiliki keindahan alam yang sangat bagus. Pantai ini masih sepi, memiliki pasir putih yang panjang, dan cukup terjaga keasriannya. Objek wisata Blitar ini tergolong baru, sangat cocok untuk dijadikan sebagai lokasi camping. Untuk menuju lokasi wisata ini, sangat membutuhkan perjuangan karena kalian harus melewati bukit dan menyeberang sungai. Pantai ini sangat cocok bagi kalian yang memiliki jiwa petualang.</p>;pantai;IMG_1505787073169.jpg;pantai;Wisata Pantai Gondo Mayit di Blitar;;;;;
-83.150.254;1.120.899.445;;Point;Sidomulyo, Bakung, Blitar, Jawa Timur 66163;<p>Tempat wisata di Blitar yang lagi hits adalah wisata Pantai Umbul Waru. Pantai ini terletak di Desa Sidomulyo, Kecamatan Bakung, Kabupaten Blitar. Pantai ini sangat unik karena memiliki air terjun yang mengalir dari atas bukit menuju ke Samudra Hindia. Akses menuju lokasi pantai ini cukup sulit karena kalian harus melalui jalanan terjal dan sempit. Apabila kalian akan menuju ke sana, kami rekomendasikan untuk menyiapkan perbekalan yang cukup</p>;pantai;IMG_1505788165507.jpg;pantai;Wisata Pantai Umbul Waru di Blitar;;;;;
-79.487.673;1.123.174.814;;Point; Slumbung, Gandusari, Blitar, Jawa Timur 66187;<p>Tempat wisata di Blitar ini terletak di kawasan Gunung Kelud, tepatnya di Desa Wisata Ekologis, Semen Gandusari, Kecamatan Gandusari, Kabupaten Blitar. Untuk mencapai air terjun ini, kalian harus melalui jalan setapak sekitar dua jam!. Lokasi wisata Blitar ini cocok bagi kalian yang memiliki jiwa petualangan.</p>;Air Terjun;IMG_1505788437928.jpg;Air Terjun;Tempat Wisata Alam Air Terjun Coban Wilis Blitar;;;;;
-79.730.441;1.124.364.437;;Point;Ngadirenggo, Wlingi, Blitar, Jawa Timur 66184;<p>Wisata Blitar air terjun yang satu ini terletak di Desa Ngadirenggo, Kecamatan Wlingi, Kabupaten Blitar. Sama seperti wisata air terjun sebelumnya, akses menuju lokasi ini juga cukup menantang karena harus berjalan kaki melewati hutan belantara. Lokasinya yang tersembunyi menyebabkan wisata ini masih cukup asri.</p>;Air Terjun;IMG_1505788860419.jpg;Air Terjun;Tempat Wisata Air Terjun Sirah Kencong Blitar;;;;;
-82.578.581;112.285.778;;Point;Panggungrejo, Blitar, Jawa Timur 66174;<p>Objek wisata di Blitar ini merupakan sebuah air terjun yang cukup unik, karena bukan berada di sekitar perbukitan kapur, melainkan sebuah tebing breksi yang jarang dijumpai di wilayah ini. Wisata ini menjadi salah satu tempat wisata di Blitar terbaru dan cukup hits. Lokasi wisata ini terletak di Desa Balerejo, Kecamatan Panggungrejo, Kabupaten Blitar. Di tempat ini, kalian dapat menikmati segarnya air yang cukup jernih.</p>;Air Terjun;IMG_1505789212422.jpg;Air Terjun;Wisata Alam Air Terjun Grenjeng Blitar;;;;;
-82.724.912;112.320.518;;Point; Purworejo, Wates, Blitar, Jawa Timur 66194;<p>Wisata air terjun kali ini terletak di Desa Purworejo, Kecamatan Wates, Kabupaten Blitar. Air terjun di sini cukup unik karena memiliki kontur tebing air terjun yang bergelombang, sehingga air yang jatuh dari ketinggian memecah menjadi berbagai bagian. Wisata ini sangat cocok bagi kalian yang ingin menghabiskan waktu untuk berendam di aliran air yang dingin dan segar.</p>;Air Terjun;IMG_1505791071145.jpg;Air Terjun;Wisata Alam Air Terjun Jurug Bening Blitar;;;;;
-82.724.912;112.320.518;;Point;Desa Tumpakoyot dan Desa Bululawang, Kecamatan Bakung, Kabupaten Blitar.;<p>Masih berhubungan dengan air, kali ini kita akan menuju ke Desa Balulawang, Kecamatan Bakung, Kabupaten Blitar. Wisata baru di Blitar ini tergolong masih asri dan belum banyak dikunjungi oleh wisatawan. Di sini kalian dapat mandi di sebuah kolam yang jernih dan bersih. Sementara itu, di Curug Badun kalian akan melihat curug bertingkat dengan ketinggian sekitar 8 meter.</p>;Air Terjun;IMG_1505791374065.jpg;Air Terjun;Curug dan Kedung Badrun Blitar;;;;;
-82.619.087;1.120.710.779;;Point;Bakung, Blitar, Jawa Timur 66163;<p>Air Terjun Tirto Galuh Blitar adalah&nbsp;;;;;;;;;
-78.821.341;1.117.970.319;;Point;Geger, Sendang, Kabupaten Tulungagung, Jawa Timur 66254;<p>Lokasi Air Terjun Lawean ini terletak di Dusun Parang, atau berada di kawasan perkebunan Kawisari, Blitar. Akses menuju lokasi ini cukup mudah dan sudah terawat. Air terjun ini terbagi menjadi dua bagian, dan memiliki ketinggian aliran air sekitar dua puluh lima meter.</p>;Air Terjun;IMG_1516157499656.jpg;Air Terjun;Air Terjun Lawean Kawisar;;;;;
-7.997.326;112.345.049;;Point;Jl. Nanas Semen, Semen, Gandusari, Blitar, Jawa Timur 66187;<p>Desa Wisata ini terletak di Desa Semen, atau sekitar 35 km dari pusat Kota Blitar. Desa Wisata ini terletak di kaki Gunung Kelud, sehingga menjadikan wilayah ini memiliki iklim yang sejuk. Selain itu, Desa Wisata ini menawarkan suasana pedesaan yang masih asri, jauh dari hiruk pikuk perkotaan. Wisata ini sangat cocok bagi kalian yang ingin keluar rutinitas perkotaan.</p>;taman;IMG_1505792679034.jpg;taman;Kampung Wisata Ekologis Puspa Jagad;;;;;
-81.742.545;1.120.854.874;;Point;Desa Tumpakkepuh, Kecamatan Bakung, Kabupaten Blitar, arah selatan Kota Blitar dengan jarak sekitar 40 km;<p>Wisata alam gua ini terletak di Desa Tampakkepuh, Kecamatan Bakung, Kabupaten Blitar. Di tempat wisata ini, kalian dapat menikmati keunikan stalagmit stalaktit yang menjadi ornamen terpenting yang harus kalian lihat. Gua ini cukup terkenal dan menjadi salah satu destinasi unggulan Kabupaten Blitar, Jawa Timur. Berdasarkan kesaksian warga setempat, Gua ini pernah menjadi salah satu tempat persembunyian simpatisan Partai Komunis Indonesia (PKI).</p>;goa;IMG_1505792989031.jpg;goa;Tempat Wisata Alam Gua Embultuk Blitar;;;;;
-7.919.996;1.124.499.662;;Point;Ngadirenggo/Htn, Kecamatan Wlingi, Kabupaten Blitar, Jawa Timur,;<p>Wisata alam Blitar ini cocok bagi kalian yang memiliki hobi mendaki gunung. Apabila kalian merasa cukup lelah untuk mendaki Gunung Kelud atau Semeru, pendakian ke Gunung Butak dapat kalian jadikan alternatif pendakian kalian. Wisata mini ini menawarkan pemandangan alam dari atas bukit dan lokasi camping ceria yang mengasyikkan. Kalian dapat mendaki Gunung Butak melalui basecamp Sirah Kencong yang terletak di Desa Ngadirenggo.</p>;gunung;IMG_1516157126668.JPG;gunung;Wisata Alam Gunung Butak;;;;;
-80.084.435;1.121.859.536;;Point;Jl. Mastrip, Ngoran, Nglegok, Kedawung, Nglegok, Blitar, Jawa Timur 66181;<p>Chenoa Water Play Kedawung adalah wahana bermain anak yang bertempat di Blitar. Sebagai sebuah wahana kolam renang, tempat wisata ini mempunyai perlengkapan yang cukup lengkap. Mulai dari penjaga&nbsp;;;;;;;;;
-79.619.272;1.123.684.249;;Point;Jl. Mastrip, Ngoran, Nglegok, Kedawung, Nglegok, Blitar, Jawa Timur 66181;<p>Telaga Rambut Monte merupakan salah satu andalan tempat wisata di Blitar. Wisata ini menawarkan pemandangan telaga yang sangat jernih. Selain itu, daya tarik lainnya dari telaga ini adalah bangunan candi dan tempat petilasan yang masih sering digunakan untuk ritual. Pemandangan di sekitar lokasi juga tak kalah indah, kalian akan melihat hamparan perkebunan teh serta ladang persawahan yang subur. Lokasi wisata ini terdapat di Desa Krisik, atau 30 Km dari pusat Kota Blitar.</p>;telaga;IMG_1505795819091.jpg;telaga;Telaga Rambut Monte;;;;;
-80.919.959;1.121.653.971;;Point;Jl. Kalibrantas, Kepanjen Kidul, Kepanjenkidul, Kota Blitar, Jawa Timur 66116;<p>Wahana keluarga yang satu ini terletak sekitar 500 meter dari makan Bung Karno, tepatnya di Jalan Kali Brantas, Kelurahan Bendo. Di tempat ini, kalian dapat menikmati fasilitas wahana air, seperti kolam renang, papan seluncur, dan masih banyak lagi. Tiket masuk wisata ini cukup murah, yaitu 10.000 pada weekday, dan 15.000 pada weekend. Murah bukan?</p>;kolam renang;IMG_1505796853878.jpg;kolam renang;Wahana Wisata Water Park Sumberudel Blitar;;;;;
-80.513.889;112.08;;Point;Gn. Pegat, Dadaplangu, Ponggok, Blitar, Jawa Timur;<p>Sebagai gunung,&nbsp;;;;;;;;;
-79.681.425;112.238.094;;Point;Sumberasri, Nglegok, Blitar, Jawa Timur 66181;<p>Kompleks percandian ini terletak di lereng Gunung Kelud, tepatnya di tepi Sungai Bladak. Candi ini merupakan salah satu candi Hindu peninggalan Kerajaan Majapahit. Saat ini, bangunan candi hanya tersisa bagian bawahnya saja. Selain itu, candi ini juga masih menyisakan dua buah arca, serta monumen bangunan punden berundak.</p>;candi;IMG_1505797910057.jpg;candi;Wisata Sejarah Candi Gambar Wetan Blitar;;;;;
-8.156.627;1.121.718.042;;Point; Jl. Banteng - Blorok No. 18, Desa Plosorejo, RT. 01 / 06, Kademangan, Plosorejo, Kademangan, Blitar, Jawa Timur 66161;<p>Wisata Edukasi ini terletak ini di Kabupaten Blitar, yaitu di Jl. Banteng Blorok 18 Desa Plosorejo Kademangan Blitar. Di tempat ini, pengunjung dapat menikmati berbagai olahan coklat, mulai dari ice cream, mie coklat, hingga kue coklat. Tiket masuk wisata kuliner Blitar ini cukup murah, hanya Rp. 5.000,00. Destinasi Wisata Blitar Kampung Coklat ini menawarkan sensasi makan coklat yang tidak ada duanya.</p>;kedai;IMG_1505798302638.jpg;kedai;Wisata Edukasi Kampung Coklat Blitar;;;;;
-80.991.564;1.121.651.316;;Point; Jl. Merdeka, Kepanjen Lor, Kepanjenkidul, Kota Blitar, Jawa Timur 66117;<p><em>&nbsp;;;;;;;;;
-80.797.236;11.218.361;;Point; Bendogerit, Sananwetan, Kota Blitar, Jawa Timur 66133;<p>Di&nbsp;;;;;;;;;
-80.961.454;1.121.744.657;;Point;Jl. Diponegoro No.12, Bendogerit, Sananwetan, Kota Blitar, Jawa Timur 66133;<p>Kebonrojo Blitar adalah sebuah taman yang cocok untuk jalan-jalan bersantai bersama dengan keluarga. Berlokasi di jalan Diponegoro, tepatnya di depan SMAK Diponegoro, taman ini menyediakan wahana permainan ringan dan tanah yang lapang untuk bersantai. Selain permainan dan patung-patung, di taman ini juga terdapat tanaman dan hewan sungguhan seperti burung beo dan burung belibis.</p>;taman;IMG_1505799381196.jpg;taman;Kebonrojo Blitar;;;;;
-8.259.527;112.074.235;;Point;Jl. Trisula, Bakung, Blitar, Jawa Timur 66163;<p>Dibangun oleh militer dengan alasan untuk mengenang pembantaian yang terjadi pada 1 Oktober 1965, monumen ini kini sering dikunjungi oleh wisatawan. Sejarah yang kelam memang menyelimuti tempat wisata ini, namun hal itu tidak mengurangi minat para wisatawan, asing maupun domestik untuk berkunjung di lokasi ini. Monumen yang diresmikan sejak Desember 1972 ini menjadi penanda bagi warga Blitar bahwa pernah ada pembantaian manusia yang dituduh makar oleh militer Indonesia.</p>;taman;IMG_1505799650521.jpg;taman;Monumen Trisula;;;;;
-80.152.207;1.122.270.433;;Point; Modangan, Nglegok, Blitar, Jawa Timur 66181;<p>Wisata Blitar ini merupakan situs percandian yang tidak jauh dari kawasan Candi Penataran. Lokasi wisata ini terletak di Desa Modangan, Kecamatan Nglegok, Kabupaten Blitar. Pada kawasan situs arca warak ini, juga ditemukan beberapa artefak sejarah, di antaranya Jaladwara;;;;;;;;;
-80.164.231;1.122.097.501;;Point; Penataran, Nglegok, Blitar, Jawa Timur 66181;<p>Objek wisata Blitar ini terletak di Desa Kotes, Kecamatan Gandusari, Kabupaten Blitar. Candi ini berdiri pada tahun 1302, dan masih memiliki keterkaitan dengan Candi Penataran. Candi ini memiliki dua kompleks bangunan, yaitu Candi I di bagian Barat, dan Candi II di bagian timur. Sama seperti candi lain di Blitar, Candi Kotes juga merupakan peninggalan kerajaan Majapahit.</p>;candi;IMG_1505804075270.jpg;candi;Wisata Sejarah Candi Kotes Blitar;;;;;
-80.845.969;1.121.761.528;;Point;Sanan Wetan Jalan Sultan Agung No.59, Sananwetan, Kota Blitar, Jawa Timur 66137;<p>Siapa yang tidak mengenal sang proklamator negeri ini? Ya, benar sekali, beliau adalah Bung Karno. Perlu kalian tahu, Bung Karno merupakan presiden pertama Republik Indonesia, dan menjadi salah satu figur terpenting negeri ini. Beliau meninggal pada tahun 1970 dan di makamkan di Blitar. Saat ini, makam Bung Karno tidak pernah sepi dari para peziarah yang ingin menghormati jasa-jasa beliau. Apabila kalian ingin berkunjung ke tempat ini, dipersilahkan datang ke Desa Bendogerit, atau berjarak 3 km dari pusat Kota Blitar.</p>;makam pahlawan;IMG_1505804668947.jpg;makam pahlawan;Makam dan Kediaman Bung Karno di Blitar;;;;;
-80.981.261;1.121.652.352;;Point; Jl. Merdeka, Kepanjen Lor, Kepanjenkidul, Kota Blitar, Jawa Timur 66117;<p>Salah satu tempat wisata Blitar dekat stasiun adalah Alun-alun Blitar. Alun-alun ini hanya terletak kurang lebih 500an meter dari stasiun kereta api. Di tempat ini, kalian dapat menikmati wisata kuliner serta menikmati wisata Blitar malam hari. Di Alun-alun Blitar ini, terdapat berbagai fasilitas, di antaranya jogging track, serta fitness outdoor. Wisata di Kota Blitar ini merupakan alternatif lain apabila kalian tidak memiliki kesempatan untuk menjelajahi objek wisata yang lain. Tempat wisata di Blitar dekat stasiun ini sangat cocok digunakan untuk melepas penat setelah menempuh perjalanan yang panjang.</p>;taman;IMG_1505804845640.jpg;taman;Alun-alun Kota Blitar;;;;;
-80.672.226;1.121.213.229;;Point; Jatilengger, Ponggok, Blitar, Jawa Timur 66153;<p>Apabila kalian ingin melihat bagaimana sekawanan rusa di sekitar Kabupaten Blitar, kami sarankan Anda untuk menuju ke Maliran, Kecamatan Ponggok, Blitar. Di tempat ini, kalian dapat menikmati sensasi memberi makan rusa. dan juga out bound. dengan harga tiket masuk Rp. 10.000. dan tiket motor Rp.2000,- dan mobil Rp.5000,-;taman, out bound;IMG_1525227657579.JPG;taman;Tempat Wisata Penangkaran Rusa Maliran Blitar;;;;;
-80.987.926;1.122.353.357;;Point;Sawentar, Kanigoro, Blitar, Jawa Timur 66171;<p>Candi sawentar terletak di Desa Sawentar, Kecamatan Kanigoro, Blitar, Jawa Timur. Bagaimana latar belakang candi ini? Wikipedia menjelaskan bahwa :&nbsp;;;;;;;;;
-80.730.053;1.123.263.266;;Point; Jl. Semeru No.4, Babadan, Wlingi, Blitar, Jawa Timur 66184;<p>Prasasti Munggut merupakan prasasti yang terdapat di kecamatan wlingi kabupaten Blitar. bagimana sejarah prassti ini? Well, wikipedia sebagai rujukannya. Sejarah prasasti ini ada kaitannya dengan babadan. Apa itu babadan? Tentunya warga wlingi sudah paham dengan hal itu.&nbsp;;;;;;;;;
-81.643.532;112.146.113;;Point; Jl. Candi Simping, Sumberjati, Kademangan, Blitar, Jawa Timur 66161;<p>Candi ini terdapat di desa Sumberjati Kecamatan kademangan. Ketika berkunjung kesana, saya mendapati bahwa candi ini sudah tidak berbentuk candi atau dengan kata lain bayak bagian yang tidak berada pada tempat yang semestinya. Dikutip dari&nbsp;;;;;;;;;
-81.947.597;1.122.437.927;;Point;Bacem, Sutojayan, Blitar, Jawa Timur 66172;<p>Candi Bacem terletak di dusun Cungkup, desa Bacem, kecamatan Sutojayan, kabupaten Blitar, Jawa Timur. Candi yang terbuat dari batu bata ini terdiri dari dua buah candi, yaitu candi Bacem I yang mempunyai ukuran tinggi 109 cm, panjang 310 cm, lebar 300 cm, dan Candi Bacem II yang berukuran tinggi 110 cm, panjang 540 cm dan lebarnya 500 cm. Bentuk dari kedua candi ini tidak beraturan karena susunan batu batanya sudah tidak menunjukkan profil yang jelas, dan hanya tinggal susunan batu bata pada pondasinya saja, sedangkan bagian tubuh dan atap candi sudah tidak ditemukan lagi.</p>;candi;IMG_1506047859295.jpg;candi;Candi Bacem;;;;;
-8.074.516;112.339.754;;Point; Plumbangan, Doko, Blitar, Jawa Timur 66186;<p>Candi Plumbangan adalah sebuah candi yang terletak di desa Plumbangan, kecamatan Doko, kabupaten Blitar, Jawa Timur. Bentuk bangunan candi ini berupa pintu gerbang paduraksa &nbsp;;;;;;;;;
-80.113.243;1.121.427.519;;Point;Candirejo, Ponggok, Blitar, Jawa Timur 66153;<p>Candi Sumbernanas merupakan sebuah candi yang terletak di desa Candirejo, kecamatan Ponggok, kabupaten Blitar. Dalam laporan pada abad ke-19 M, candi ini disebut dengan nama Candi Genengan atau Candi Puton. Candi ini menghadap ke arah barat, sedangkan bilik candinya dalam keadaan kosong, dan di atas pintu masuk bilik candi tersebut dipahatkan angka 1271 Saka (1349 M).</p>;candi;IMG_1506048216512.jpg;candi;Candi Sumbernanas;;;;;
-80.027.266;1.122.817.346;;Point;Gadungan, Gandusari, Blitar, Jawa Timur 66187;<p>Candi Wringin Branjang terletak di desa Gadungan, kecamatan Gandusari, kabupaten Blitar, Jawa Timur. Candi ini letaknya masih satu kompleks dengan situs Gadungan, jaraknya sekitar 100 m di sebelah barat situs Gadungan I. Candi yang terbuat dari batu andesit ini memiliki bentuk yang sangat sederhana.</p>;candi;IMG_1506048403532.jpg;candi; Candi Wringin Branjang;;;;;
-80.882.231;1.124.007.311;;Point;Tepas, Kesamben, Blitar, Jawa Timur 66191;<p><br />Candi Tepas terletak di Tepas, Kesamben, Blitar, Jawa Timur. Secara keseluruhan struktur bangunan candi ini telah rusak. Struktur bangunan yang tertinggal saat ini adalah bagian pondasi, kaki candi yang mempunyai ukuran panjang 11,25 m, lebar 7,75 m dan tangga naik yang menghadap ke barat.</p>;candi;IMG_1506048518960.jpg;candi; Candi Tepas;;;;;
-79.619.272;1.123.684.249;;Point;Krisik, Gandusari, Blitar, Jawa Timur 66187;<p>Candi Rambut Monte adalah sebuah candi yang terletak di desa Krisik, kecamatan Gandusari, kabupaten Blitar, Jawa Timur. Candi ini terbuat dari batu andesit dan berdenah segi empat, dengan berukuran panjang 292 cm, lebar 296 cm dan tingginya 85 cm dengan tangga naik berada di sisi barat. Bangunan candi hanya tinggal bagian kaki dan tubuhnya saja, sedangkan bagian atap candi telah mengalami keruntuhan.</p>;candi;IMG_1506048755254.jpg;candi;Candi Rambut Monte;;;;;
-79.980.014;1.121.403.185;;Point;Candirejo, Ponggok, Blitar, Jawa Timur 66153;<p>Candi Kalicilik adalah sebuah candi Hindu yang terletak di desa Candirejo, kecamatan Ponggok, kabupaten Blitar, Jawa Timur. Bangunan candi ini terbuat dari bata merah dan memiliki denah bujur sangkar dengan ukuran 6,8 m x 6,8 m, serta tingginya 8,3 cm. Candi ini terdiri atas tiga bagian yaitu candi, tubuh candi dan atap candi. Pintu candi menghadap ke arah barat dan di atasnya terdapat hiasan berupa kala.</p>;candi;IMG_1506048958484.jpg;candi; Candi Kalicilik;;;;;
-771.507.425;11.227.958.679;;Point;Bajang, Talun, Blitar, Jawa Timur 66183;<p>Kolam Renang Lovina</p>;kolam renang;IMG_1506052095965.jpg;kolam renang;Kolam Renang Lovina;;;;;
-8.013.147;1.122.080.838;;Point; Jl. Raya Penataran, Penataran, Nglegok, Blitar, Jawa Timur 66181;<p>Kolam renang selalu menjadi favorit mengisi liburan bagi banyak orang, termasuk saya dan keluarga. Meskipun tidak setiap minggu, namun kami selalu menyempatkan waktu untuk mengajak anak-anak berenang saat tidak ada acara liburan ke luar kota. Anak-anak selalu antusias dan terlihat gembira saat berenang bersama keluarga.</p>;kolam renang;IMG_1506050566822.jpg;kolam renang;Kolam Renang Penataran;;;;;
-81.237.256;1.121.484.804;;Point;Bendowulung, Sanankulon, Blitar, Jawa Timur 66151;<p>Kolam Renang Tirto Wulung berlokasi di Desa Bendowulung, Sanankulon, Blitar. Lokasinya yang agak masuk membuat saya dan keluarga harus bertanya kepada warga sekitar untuk menemukannya. Syukurlah dengan bantuan informasi dari warga dan papan petunjuk akhirnya kami dapat menemukan lokasinya. Cukup dengan tiket masuk Rp. 4.000,- / orang kita bisa berenang sepuasnya bersama keluarga.</p>;kolam renang;IMG_1506052499003.jpg;kolam renang;Kolam Renang Tirto Wulung;;;;;
-8.049.661;1.123.022.236;;Point; Jl. Gandusari - kedunglurah, Tambakan, Gandusari, Blitar, Jawa Timur 66187;<p>kolam renang tirto agung tambakan di desa gandusari</p>;kolam renang;IMG_1506052914792.jpg;kolam renang;Kolam Renang Tirto Agung Tambakan;;;;;
-78.814.396;1.126.603.907;;Point; Sragi, Talun, Blitar, Jawa Timur 66183;<p>Tempat itu merupakan wisata Kolam Renang Kendedes, yang terletak di Desa Sragi RT 01 RW 01 Kecamatan Talun. Untuk memasuki kolam renang ini, kita membayar kontribusi sebesar Rp 3000. Namun apabila hari libur, tiket masuk wisata tersebut menjadi Rp 4000. Dilihat dari tampak luar, kolam renang ini terlihat cukup besar. Terdapat pula klub renang yang bernama&nbsp;;;;;;;;;
-80.883.575;1.123.462.689;;Point;Unnamed Rd,, Suru, Doko, Blitar, Jawa Timur 66186;"<p>Kolam renang umum ""Pace Ria"" terletak di Kota Blitar. Kolam renang umum ""Pace Ria"" bekerja di aktivitas Kolam renang umum.</p>";kolam renang;IMG_1506053529874.jpg;kolam renang;"Kolam renang umum ""Pace Ria""";;;;;
-81.682.086;1.122.164.235;;Point; Kalipang, Sutojayan, Blitar, Jawa Timur 66172;"<p>Pergi ke Kolam Renang itu belum tentu harus renang. Karena pergi ke kolam renang tidak di haruskan bisa renangkan. Ouh iya sampai lupa, ini Kolam Renang yang berada di Kota Lodoyo loch. Letaknya gak jauh dari Aloon Aloon Kota Lodoyo. Tepatnya di timur Koramil. Ini dia ""Kolam Renang Dolphin""</p>";kolam renang;IMG_1506054241561.jpg;kolam renang;Kolam Renang Dolpin;;;;;
-80.019.454;1.121.045.633;;Point;Gembongan, Ponggok, Blitar, Jawa Timur 66153;<p>&ldquo;;;;;;;;;
<p>Alamat: Barat Pasar Cangkring; Ds. Gembongan; Kec. Ponggok;" Kab. Blitar.</p>""";kolam renang;IMG_1506054729723.jpg;kolam renang;Kolam Renang Tirta Kharisma;;;;;;;
-80.862.507;1.120.796.717;;Point;Maron, Srengat, Blitar, Jawa Timur 66152;<p>Kolam Renang Anak2 BU Anik terletak di Kota Blitar. Kolam Renang Anak2 BU Anik bekerja di aktivitas Kolam renang umum.</p>;kolam renang;IMG_1506055312442.jpg;kolam renang;Kolam Renang Anak2 Bu Anik;;;;;
-81.193.848;1.123.402.637;;Point; Popoh, Selopuro, Blitar, Jawa Timur 66184;popoh waterpark terletak di Ds.Popoh Kecamatan Selopuro. lokasi tempat ini agak masuk ke pemukiman warga sekitar desa popoh yakni jarak dari kantor desa Popoh 300 meter ke utara sampai ketemu dengan pertigaan yang menunjuk arah menuju kolam renang. selain kolam renang tempat wisata ini kedepanya juga akan di bangun tempat untuk out bound keluarga.;kolam renang;IMG_1506057310997.jpg;kolam renang;Kolam Renang Popoh (popoh waterpark);;;;;
-81.364.777;1.123.515.364;;Point;Siraman, Kesamben, Blitar, Jawa Timur 66191;<p>Kolam Renang Asri Jaya Brongkos terletak di Kota Blitar. Kolam Renang Asri Jaya Brongkos bekerja di aktivitas Kolam renang umum.</p>;kolam renang;IMG_1506057643626.jpg;kolam renang;Kolam Renang Asri Jaya Brongkos;;;;;
-81.309.177;1.121.647.929;;Point;Jl. Halmahera No.131, Klampok, Sananwetan, Kota Blitar, Jawa Timur 66136;"<p>k<a href=""https://mblitar.net/kolam-renang-telaga-nirmala-di-klampok-blitar/"">olam Renang Telaga Nirmala</a>&nbsp";;;;;;;;;
<p>Jam buka kolam renang klampok ini antara jam 07.00 sampai dengan pukul 16.30. Khusus hari kamis; kolam renang ini sudah buka mulai pukul 05.00 pagi. Sedangkan untuk tiket masuk&nbsp;;;;;;;;;;;;;
<p>Kolam renang klampok terbagi menjadi tiga&nbsp;;;;;;;;;;;;;;
-80.778.883;1.121.967.317;;Point;Jl. Ronggowarsito, Pojok, Garum, Blitar, Jawa Timur 66182;<p>Kranggan Kolam Renang</p>;kolam renang;IMG_1506058678891.jpg;kolam renang;Kranggan Kolam Renang;;;;;
-8.078.106;1.121.961.661;;Point; Pojok, Garum, Blitar, Jawa Timur 66182;<p>Kolam Renang Taman Air Surga (Kranggan)</p>;kolam renang;IMG_1506059040051.jpg;kolam renang;Kolam Renang Taman Air Surga (Kranggan);;;;;
-81.210.351;1.121.945.182;;Point;Jalan Raya Tlogo - Serut No.16, Tlogo, Kanigoro, Blitar, Jawa Timur 66171;<p>Kolam Renang Telaga Tirta 2</p>;kolam renang;IMG_1506059481609.jpg;kolam renang;Kolam Renang Telaga Tirta 2;;;;;
-81.277.513;1.121.740.881;;Point; Jatinom, Kanigoro, Blitar, Jawa Timur;<p>Kolam Renang Khusus Wanita Dan Anak</p>;kolam renang;IMG_1506059817757.jpg;kolam renang;Kolam Renang Khusus Wanita Dan Anak;;;;;
-80.919.959;1.121.653.971;;Point; Jl. Kalibrantas, Kepanjen Kidul, Kepanjenkidul, Kota Blitar, Jawa Timur 66116;<header>;;;;;;;;;
"<h1 class=""""title single-title entry-title"""">&nbsp";;;;;;;;;;;;;;
</header>;;;;;;;;;;;;;;
"<div class=""""post-single-content box mark-links entry-content"""">";;;;;;;;;;;;;;
"<div class="""" clear"""">";;;;;;;;;;;;;;
<p>Sumber Udel dulu dikenal sebagai salah satu kolam renang terbesar di&nbsp;;;;;;;;;;;;;;
</div>;;;;;;;;;;;;;;
"</div>""";kolam renang;IMG_1506060138968.jpg;kolam renang;Water Park Sumber Udel;;;;;;;;;;
-81.519.356;112.157.759;;Point;Jl. Banteng Blorok No.157, Rejowinangun, Kademangan, Blitar, Jawa Timur 66161;<p>Laguna Thematic Park merupakan sebuah wahana keluarga untuk berlibur dan menikmati dinginnya air di kolam renang. Tempat ini sedang dalam masa pengemabangan dan telah terdapat dua kolam renang dan permainan anak serta satu kolam renang besar untuk yang dewasa. Kedepannya akan banyak lagi permainan dan wahana baru.</p>;kolam renang;IMG_1506060489579.jpg;kolam renang;Laguna Thematic Park;;;;;
-80.956.578;1.121.699.435;;Point;Jl. Kartini No.10, Kepanjen Lor, Kepanjenkidul, Kota Blitar, Jawa Timur 66112;<p>Terletak di daerah Blitar yang bersejarah, Patria Palace Hotel berjarak 3 menit jalan kaki dari stasiun pusat kota. Hotel ini menyediakan layanan meja depan 24 jam dan meenawarkan sebuah restoran. Semua kamar ber-AC-nya memiliki kamar mandi pribadi. Wi-Fi gratis tersedia di seluruh area bangunan.</p>;;;;;;;;;
<p>Tempat-tempat wisata; seperti makam mantan Presiden Indonesia Soekarno; berjarak kira-kira 15 menit naik becak dari Patria Palace. Bandara Abdul Rachman Saleh di Malang dapat dicapai dalam 2 jam berkendara dari hotel; yang menawarkan layanan penjemputan bandara dengan biaya tambahan.</p>;;;;;;;;;;;
<p>Memiliki lantai ubin; masing-masing kamarnya ber-AC dan bermandikan cahaya yang hangat. Kamar dilengkapi dengan minibar; kulkas; dan TV dengan saluran satelit. Fasilitas shower; handuk; dan peralatan mandi gratis terdapat di dalam kamar mandi.</p>;;;;;;;;;
<p>Patria Palace Hotel memiliki sebuah kafe; lounge; dan ruang rapat. Layanan lain yang ditawarkan oleh hotel ini termasuk menyetrika; binatu; dan layanan kamar. Selain ruang parkir gratis;" hotel juga menawarkan sebuah taman yang indah.</p>""";hotel;IMG_1506061128563.jpg;hotel;Patria Plaza Hotel;;;;;
-8.090.324;112.158.735;;Point;Jalan Batanghari, Dimoro, Sukorejo, Kota Blitar, Jawa Timur 66121;<p>Patria Garden Hotel terletak di Blitar, 5 menit berkendara dari Sumber Udel Water Park. Dikelilingi oleh taman, hotel ini menawarkan sebuah restoran dan kamar-kamar ber-AC dengan kamar mandi pribadi. Tersedia meja depan 24 jam dan Wi-Fi gratis.</p>;;;;;;;;;
<p>Pemakaman Mantan Presiden Soekarno berjarak 10 menit berkendara dari Patria Garden Hotel. Bandara Abdul Rachman Saleh Malang dapat dicapai dalam 2 jam berkendara dari hotel. Antar-jemput bandara dapat disediakan dengan biaya tambahan.</p>;;;;;;;;;;;;;;
<p>Kamar-kamarnya yang berperabotan simpel dilengkapi dengan lemari dan TV dengan saluran satelit. Fasilitas shower dan perlengkapan mandi gratis disediakan di kamar mandi dalamnya.</p>;;;;;;;;;;;;;;
<p>Memiliki kafe dan taman bermain anak-anak;" Patria Garden Hotel menawarkan penyewaan mobil dan layanan binatu dengan biaya tambahan. Anda dapat membaca koran atau menitipkan bagasi di lobi. Tempat parkir gratis tersedia di hotel ini.</p>""";hotel;IMG_1506061473532.jpg;hotel;Patria Garden Hotel;;;;;;;;;
-81.005.545;1.121.641.105;;Point;Jalan Mastrip No.56, Kepanjenkidul, Kepanjen Kidul, Kepanjenkidul, Kota Blitar, Jawa Timur 66111;<p>Terletak di daerah Blitar yang bersejarah, Patria Palace Hotel berjarak 3 menit jalan kaki dari stasiun pusat kota. Hotel ini menyediakan layanan meja depan 24 jam dan meenawarkan sebuah restoran. Semua kamar ber-AC-nya memiliki kamar mandi pribadi. Wi-Fi gratis tersedia di seluruh area bangunan.</p>;;;;;;;;;
<p>Tempat-tempat wisata; seperti makam mantan Presiden Indonesia Soekarno; berjarak kira-kira 15 menit naik becak dari Patria Palace. Bandara Abdul Rachman Saleh di Malang dapat dicapai dalam 2 jam berkendara dari hotel; yang menawarkan layanan penjemputan bandara dengan biaya tambahan.</p>;;;;;;;;;;;
<p>Memiliki lantai ubin; masing-masing kamarnya ber-AC dan bermandikan cahaya yang hangat. Kamar dilengkapi dengan minibar; kulkas; dan TV dengan saluran satelit. Fasilitas shower; handuk;" dan peralatan mandi gratis terdapat di dalam kamar mandi.</p>""";hotel;IMG_1506061748761.jpg;hotel;Patria Palace Hotel;;;;;
-8.099.001;1.121.617.038;;Point;Jalan Merdeka No.173, Kepanjen Kidul, Kepanjenkidul, Kepanjen Kidul, Kepanjenkidul, Kota Blitar, Jawa Timur 66117;<p>Hotel Tugu Blitar, yang belum pernah terjadi sebelumnya, hotel dan restoran terbaik di Blitar, Jawa Timur, bertempat di sebuah bangunan kolonial yang dibangun pada tahun 1850-an, dan sebelumnya dimiliki oleh keluarga Blitar yang terkenal. Setelah Perang Dunia kedua, hotel itu disebut Hotel Centrum;;;;;;;;;
<p>Sebagai hotel tertua di Indonesia; bangunan hotel ini tampil sebagai rumah indah orang Jawa Timur dari zaman penjajahan Belanda; dengan pilar berpelindung putih raksasa; perabotan dari akhir abad 19 dan awal abad ke-20; foto-foto nostalgia dan lampu gantung yang elegan. Bangunan itu direnovasi dengan hati-hati sampai setiap detailnya pada awal abad ini; untuk melestarikan karakter artistik; karismatik;" dan historisnya namun memadukannya dengan kemewahan modern.</p>""";hotel;IMG_1506062156537.jpg;hotel;Hotel Tugu Blitar;;;
-8.103.057;112.161.118;;Point;Jl. Melati No. 90, Blitar jawatimur 66117;<p>Terletak di kawasan pusat kota Blitar, menyediakan akomodasi yang nyaman bagi pengusaha dan keluarga. GRAND MANSION Hotel adalah tempat yang representative untuk menunjang istirahat serta kegiatan anda seperti seminar, wedding party, birthday party dll, di dukung dengan berbagai fasilitas dan sarana hiburan yang senantiasa akan menemani anda. Temukan fasilitas dan pelayanan utama yang kami kemas dalam berbagai paket.<br />GRAND MANSION Hotel memiliki 90 kamar yang terdiri dari 32 KEMUNING (STANDARD), 25 MAWAR (SUPERIOR), 15 FLAMBOYAN (with garage), 6 BOUGENVILLE (with garage), 10 MELATI DELUXE, 1 MANSION SUITE dan 1 PRESIDENT SUITE.&nbsp;;;;;;;;;
-81.001.339;1.121.770.084;;Point;Jalan Jendral A. Yani No 62, Sananwetan, Kota Blitar, Jawa Timur 66131;"<p><a class=""st_tag internal_tag"" title=""Posts tagged with tarif"" href=""https://penginapan.net/di/tarif/"" rel=""tag"">Tarif</a>&nbsp";;;;;;;;;
-81.279.697;1.121.524.207;;Point;Jalan Cemara no.555,557,559, Plosoarang, Sanankulon, Blitar, Jawa Timur 66125;<p><strong>Hotel Gita Puri Blitar</strong>&nbsp;;;;;;;;;
-80.908.744;1.121.829.954;;Point; Jl. S. Supriadi No.107, Bendogerit, Sananwetan, Kota Blitar, Jawa Timur 66133;Hotel Ini Berada di Jalan Jaksa Agung Suprapto 49, Blitar dengan nomor telpon (0342) 806324. Halaman Hotel Herlingga Jaya Blitar ini berisi informasi seputar Hotel Herlingga Jaya Blitar seperti Alamat Hotel, No Tlp, Peta Lokasi Hotel Herlingga Jaya, serta Harga/Tarif Hotel Herlingga Jaya Blita;hotel,resto, waterpool;IMG_1516155915350.png;hotel;Hotel Herlingga Jaya;;;;;
-80.898.545;1.121.729.616;;Point;Jl. Dr. Moh. Hatta No.3, Sentul, Kepanjenkidul, Kota Blitar, Jawa Timur 66113;<p><strong>Hotel Maerokoco Blitar</strong>&nbsp;;;;;;;;;
-80.730.019;1.123.177.268;;Point; Jl. Dokter Sucipto No.43, Beru, Wlingi, Blitar, Jawa Timur 66184;<p><strong>Hotel Maya Blitar</strong>&nbsp;;;;;;;;;
-80.945.703;1.121.650.817;;Point;Jl. Anjasmoro No.78, Kepanjen Lor, Kepanjenkidul, Kota Blitar, Jawa Timur 66117;<p><strong>Hotel Puri Perdana Blitar</strong>&nbsp;;;;;;;;;
-80.986.751;1.121.555.353;;Point;Jl. Menur, Sukorejo, Kota Blitar, Jawa Timur 66121;<p><strong>Hotel Santoso I Blitar</strong>&nbsp;;;;;;;;;
-80.867.233;1.121.736.476;;Point;Jl. Ir. Soekarno No. 77, Sentul, Kepanjenkidul, Sentul, Kepanjenkidul, Kota Blitar, Jawa Timur 66113;<p><strong>Hotel Sapta Mandala Blitar</strong>&nbsp;;;;;;;;;
-81.010.358;1.121.710.696;;Point; Jl. TGP, Kepanjen Kidul, Kepanjenkidul, Kota Blitar, Jawa Timur 66117;<p><strong>Hotel Sri Rejeki Blitar</strong>&nbsp;;;;;;;;;
-8.099.001;1.121.617.038;;Point;Jalan Merdeka No.173, Blitar, Indonesia, 66111;<p><strong>Hotel Tugu Sri Lestari Blitar</strong>&nbsp;;;;;;;;;
-83.240.264;1.121.938.044;;Point;Ngadipuro, Wonotirto, Blitar, Jawa Timur 66173;<p>Pantai Keben adalah salah satu pantai terindah dari sekian banyak pantai yang dimiliki desa ini. Sayang sekali keindahan Pantai Keben belum bisa secara instan untuk dinikmati. Akses yang sangat sulit merupakan momok utama bagi siapa pun yang ingin menikmati keindahannya. Untuk menuju lokasi pantai Keben. Rute yang harus tempuh adalah Lodoyo, terus ke Selatan melewati hutan jati sampai ke pasar Ngeni.</p>;pantai;IMG_1506076041170.jpg;pantai;pantai keben;;;;;
-83.173.354;1.120.722.337;;Point; Bululawang, Bakung, Blitar, Jawa Timur 66163;<p>Terletak di pesisir selatan membuat Blitar memiliki banyak pantai yang bisa dikunjungi. Sampai saat ini, setidaknya ada empat pantai yang sudah resmi ditetapkan sebagai tempat wisata. Keempat pantai tersebut antara lain adalah&nbsp;;;;;;;;;
-83.153.472;1.121.220.794;;Point;Tumpakkepuh, Bakung, Blitar, Jawa Timur 66163;<p>&nbsp;;;;;;;;;
-83.249.941;1.122.031.234;;Point;Ngadipuro, Wonotirto, Blitar, Jawa Timur 66173;<p>Laut di Pantai Pudak masih sangat biru dan jernih, dan pantainya pun masih sepi pengunjung. Pasir berwarna pucat kecokelatan begitu lembut membenamkan kaki, ketika ombak kecil nan sejuk membasahi kulit yang kepanasan.</p>;;;;;;;;;
<p>Dari kejauhan; kamu akan melihat pulau-pulau kecil yang tersebar di tengah lautan luas;" serta tebing tebing karang eksotik yang menjadi pagar kekar dan membatasi bibir pantai dengan laut lepas. Semilir angin dan aroma laut yang khas membuat Pantai Pudak sempurna sebagai tempat pelarian untuk menenangkan pikiran sejenak.</p>""";pantai;IMG_1506077982320.jpg;pantai;Pantai Pudak;;;;;;;;
-83.238.592;1.121.834.621;;Point;Ngadipuro, Wonotirto, Blitar, Jawa Timur 66173;"<div class=""breadcrumb"">";;;;;;;;;
"<div class=""""root""""><a href=""""https://mblitar.net/"""" rel=""""v:url"""">HOME</a></div>";;;;;;;;;;;;;;
<div>&nbsp;;;;;;;;;;;;;;
"<div><a href=""""https://mblitar.net/category/wisata/"""" rel=""""v:url"""">WISATA</a></div>";;;;;;;;;;;;;;
<div>&nbsp;;;;;;;;;;;;;;
<div>Pantai Jebring Di Ngadipuro Blitar Selatan</div>;;;;;;;;;;;;;;
</div>;;;;;;;;;;;;;;
"<div class=""""single_post""""><header>";;;;;;;;;;;;;;
"<h1 class=""""title single-title entry-title"""">Pantai Jebring di Ngadipuro Blitar Selatan</h1>";;;;;;;;;;;;;;
</header>;;;;;;;;;;;;;;
"<div class=""""post-single-content box mark-links entry-content"""">";;;;;;;;;;;;;;
"<div class="""" clear"""">";;;;;;;;;;;;;;
"<div class=""""topad center"""">&nbsp";;;;;;;;;;;;;;
<p>Desa Ngadipuro memang terkenal dengan pantainya yang indah; salah satunya adalah&nbsp;;;;;;;;;;;;;
<h2>Pantai Jebring yang Berpasir Hitam</h2>;;;;;;;;;;;;;;
"<div id=""""attachment_2914"""" class=""""wp-caption aligncenter""""><a href=""""https://mblitar.net/pantai-jebring-di-ngadipuro-blitar-selatan/camera-32/"""" rel=""""attachment wp-att-2914""""><img class=""""size-full wp-image-2914"""" src=""""data:image/gif";;;;;;;;;;;;;;
"<p class=""""wp-caption-text"""">Pantai Jebring di Blitar</p>";;;;;;;;;;;;;;
</div>;;;;;;;;;;;;;;
<p>Pantai yang cukup luas dan berpasir hitam ini; sampai saat ini belum menjadi&nbsp;;;;;;;;;;;;;
</div>;;;;;;;;;;;;;;
</div>;;;;;;;;;;;;;;
"</div>""";pantai;IMG_1506078102524.jpg;pantai;Pantai Jebring;;;;;;;;;;
-83.249.147;1.121.669.917;;Point;Gn. Gede, Wonotirto, Blitar, Jawa Timur 66173;<p>Pantai Banteng Mati terletak tak jauh dari&nbsp;;;;;;;;;
-83.386.547;1.122.739.555;;Point;dsn.panggung pucung ds.kaligambir kec.panggung rejo, Tulungrejo, Wates, Blitar, Jawa Timur;<p>Pantai yang terletak di wilayah pesisir selatan &nbsp;;;;;;;;;
-83.249.974;1.122.003.094;;Point;pantai ngablak, Blitar, Jawa Timur;<p>pantai ngablak merupakan pantai yang menarik minat para traveller karena pemandangan yang sangat indah</p>;pantai;IMG_1506301889169.jpg;pantai;Pantai Ngablak;;;;;
-831.818;1.121.364.366;;Point; Tambakrejo, Wonotirto, Blitar, Jawa Timur 66173;<p>Pantai gemuling memang pilihan yang tepat meski gak sengaja berencana ke pantai ini. Sebelumnya kami merencanakan bakal trip ke banteng mati tapi penduduk sekitar berpesan bahwa jalannya sulit dilalui karena hujan. Ending cerita kami trip di pantai gemuling yang terletak di pesisir barat tambak rejo. Kalo dirunut menurut geografisnya berada di&nbsp;;;;;;;;;
<p>Karakter pantai ini byuh bersih men sangat jernih saking bersihnya pantai gondo mayit dan tambak rejo yang berada disebelah timur lewat. Sayangnya bau pantai ini agak amis mungkin karena banyak ikan kali ya. Selain itu banyak karang dan terdapat goa gemuling didekat pantai. Disisi timur pantai pasirnya begitu halus dan dipisah oleh aliran sungai antara dermaga dan pantai gemuling.</p>;;;;;;;;;;;;;;
<p>&nbsp;;;;;;;;;;;;;;
<p>&nbsp;;;;;;;;;;;;;;
<p>&nbsp;;;;;;;;;;;;;;
<p>&nbsp;;;;;;;;;;;;;;
-7.851.305;112.029.622;;Point; Jl. Kalimantan No. 11A, Sananwetan, Kota Blitar, Jawa Timur 66137;<p>Tempat wisata kuliner blitar yang selanjutnya akan kita bahas adalah sebuah tempat wisata kuliner yang di namakan Ayam Bakar Bu Mamik oleh pemiliknya. Tempat makan yang satu ini sangat populer di kalangan para pencinta kuliner yang ada di Blitar. Beberapa menu makanan andalan yang bisa anda cicipi di tempat Ayam Bakar Bu Mamik ini seperti misalkan saja Ayam Bakar khas Ayam Bakar Bu Mamik, Sup Buntut dan Gurame Bakar Madu.</p>;kuliner;IMG_1506302829827.jpg;kuliner;Ayam Bakar Bu Mamik;;;;;
-81.405.757;1.121.767.895;;Point;Desa Jatinom RT 03 / RW 03, Kec. Kanigoro, Jatinom, Kanigoro, Blitar, Jawa Timur 66171;<p>Tempat wisata kuliner blitar yang selanjutnya adalah sebuah tempat makan paling enak di Kota Blitar dan tempat ini bernama Warung Mak Ti. Sebuah tempat yang mengusung konsep prasmanan membuat para pengunjungnya tanpa segan memilih makanan sesuai dengan selera di Warung Mak Ti ini. Di tempat wisata kuliner blitar Warung Mak Ti ini anda bisa mengambil sayuran, lauk pauk dan nasi sesuai dengan keinginan anda.</p>;kuliner;IMG_1506303058301.jpg;kuliner;Warung Mak Ti;;;;;
-80.256.625;1.121.850.616;;Point;Jalan Mastrip No 5, Desa Ngoran, Kecamatan Nglegok, Ngoran, Nglegok, Blitar, Jawa Timur 66181;<p>Tempat wisata kuliner blitar yang selanjutnya adalah sebuah tempat yang bernama Warung Tewel Mbah Martumi yang tentu saja nama tersebut di ambil dari nama pendirinya. Warung Tewel Mbah Martumi ini sesuai dengan namanya menyajikan sayur tewel dengan cita rasa yang sangat khas dan bisa menggoyang lidah anda. Jika ingin lidah anda merasa kepedasan rasanya sangat cocok apabila anda datang ke Warung Tewel Mbah Martumi ini.</p>;kuliner;IMG_1506303275317.jpg;kuliner;Warung Tewel Mbah Martumi;;;;;
-81.024.277;112.159.446;;Point;Jl. Doktor Wahidin No. 14A, Kepanjenlor, Kepanjenkidul, Kepanjen Lor, Kepanjenkidul, Kota Blitar, Jawa Timur 66117;<p>Tempat wisata kuliner blitar yang berikutnya adalah sebuah tempat wisata kuliner bernama Es Mini yang tentu saja sudah sangat populer di Kota Blitar. Banyak sekali jenis varian es yang bisa anda dapatkan di tempat bernama Es Mini. Beberapa es yang ada di antaranya adalah es rumput laut, es kopyor, es aneka jus, es gula asem dan tentu saja masih sangat banyak jenis es yang bisa menyagarkan tenggorokan anda di tempat ini.</p>;kuliner;IMG_1506303454364.jpg;kuliner;Es Mini;;;;;
-80.976.965;11.216.757;;Point;Jalan Kelud deket perempatan, Kepanjen Lor, Kepanjenkidul, Kota Blitar, Jawa Timur 66117;<p>Tempat wisata kuliner blitar yang berikutnya akan kita bahas adalah sebuah tempat makan yang bernama Soto Daging Bok Ireng Blitar. Tempat yang satu ini ternyata banyak yang memfavoritkan, hal ini di karenakan tempat Soto Daging Bok Ireng Blitar ini menyajikan soto dengan menu yang sangat spesial. Di buka mulai jam 8 pagi, tempat bernama Soto Daging Bok Ireng Blitar ini di tutup hingga jam 2 siang.</p>;kuliner;IMG_1506303713703.jpg;kuliner;Soto Daging Bok Ireng Blitar;;;;;
-80.837.807;112.176.474;;Point;Jalan Ir. Soekarno No.93, Sentul, Kepanjenkidul, Kota Blitar, Jawa Timur 66113;<p>Tempat wisata kuliner blitar yang berikutnya adalah sebuah tempat wisata kuliner yang bernama Warung Pecel Mbok Bari 6. Tempat makan yang satu ini menyajikan menu pecel nikmat yang tentu sudah banyak orang yang mengakuinya. Ternyata Warung Pecel Mbok Bari 6 ini tidak hanya orang blitar saja yang menikmati sajian pecel di Warung Pecel Mbok Bari 6 akan tetapi banyak wisatawan asing yang menikmati pecel di tempat ini.</p>;kuliner;IMG_1506303935093.jpg;kuliner;Warung Pecel Mbok Bari 6;;;;;
-80.644.687;1.123.300.053;;Point; Jl. Semeru No.24, Babadan, Wlingi, Blitar, Jawa Timur 66184;<p>Tempat wisata kuliner blitar yang selanjutnya akan kita bahas adalah sebuah tempat wisata kuliner yang bernama Ikan Uceng di Warung Barokah Pak Sabar. Tempat yang satu ini banyak menyajikan menu makanan seperti misalkan saja Ayam Penyet, Kare Ayam, Sayur Uceng, Lele, Ayam Panggang, Lele Penyet, Nasi Campur dan masih banyak lagi jenis makanan yang di sajikan di Ikan Uceng di Warung Barokah Pak Sabar ini.</p>;kuliner;IMG_1506304086897.jpg;kuliner;Ikan Uceng di Warung Barokah Pak Sabar;;;;;
-80.906.273;1.121.697.802;;Point;Jl. Dr. Wahidin No.91, Sentul, Kepanjenkidul, Kota Blitar, Jawa Timur 66113;<p>Tempat wisata kuliner blitar yang berikutnya adalah sebuah tempat wisata kuliner yang di namakan Lesehan President Resto. Tempat wisata kuliner yang satu ini menyajikan berbagai masakan lezat seperti misalkan saja Ayam Masak Pedas, Ayam Rica-Rica, Ayam Mentega, Gurame Bakar, Ayam Asam Manis, Mie Goreng, Cap Cay Kuah dan beberapa menu sajian enak yang bisa menggoyang lidah anda bersama dengan keluarga.</p>;kuliner;IMG_1506304313215.jpg;kuliner;Lesehan President Resto;;;;;
-80.797.638;1.121.712.262;;Point; Jl. Ciliwung, Tanggung, Kepanjenkidul, Kota Blitar, Jawa Timur 66115;<p>Menu baru yang kekinian! Yuk ajakin keluarga, teman2, makan disini, asiknya ramerame. pass pedas kuliner merupakan tempat yang biasa digunakan untuk nongkrong bersama-sama , dengan porsi makanan yang cukup besar.&nbsp;;;;;;;;;
-80.941.632;1.121.679.229;;Point; Jl. Kelud, Kepanjen Lor, Kepanjenkidul, Kota Blitar, Jawa Timur 66117;<p>Griya Kuliner bisa menjadi referensi utama bagi anda para pecinta kuliner internasional yang tengah berkunjung ke Kota Blitar.</p>;;;;;;;;;
<p>Terletak di deretan ruko Jln. Wahidin yang berada di lokasi strategis di pusat Kota Blitar; Restoran yang mengusung konsep &lsquo;;;;;;;;;;;;;
-80.966.048;1.121.716.104;;Point;Jalan Jendral Sudirman Kota Blitar (Depan Polres Blitar) No. 14/11 Blitar., RT.03;;;;;;;;;;
-808.411;112.176.081;;Point;Jl. Ir. Soekarno, Sentul, Kepanjenkidul, Kota Blitar, Jawa Timur 66113;<p>www.imo.co.id | www.khasblitar.com | Kaos Blitar merupakan tempat penjualan grosiran kaos khas blitar</p>;oleh-oleh;IMG_1506310405249.jpg;oleh-oleh;www.imo.co.id | www.khasblitar.com | Kaos Blitar;;;;;
-806.153;11.206.273;;Point;Jl. Raya Mastrip, Srengat, Blitar, Jawa Timur 66152;<p>&nbsp;;;;;;;;;
<p>Jika ingin mencoba suatu hal yang unik dan sudah menjadi ciri khas daerah yang akan di jadikan oleh-oleh; di Indonesia sendri memiliki banyak sekali daerah-derah yang memiliki keunikan dan ciri khas dari daerah tersebut. salah satu daerah yang memiliki keunikan dan ciri khas mulai dari makanan;" souvenir dan juga kerajinan tangan yang unik dan patut untuk di jadikan oleh-oleh yaitu di Blitar provinsi Jawa Timur.</p>""";oleh-oleh;IMG_1506310974427.jpg;oleh-oleh;Pusat Oleh-Oleh Khas Blitar;;;;;;;;
-81.473.297;1.121.575.739;;Point;Jl. Masjid No.44, Rejowinangun, Kademangan, Blitar, Jawa Timur 66161;<p>Blitar adalah kota proklamasi, karena di sanalah Bapak Proklamator Republik Indonesia dilahirkan dan bersemayam. Sebagai identitas Indonesia yang memiliki banyak aneka ragam kekayaan bangsa, Blitar menyimpan banyak akan kekayaan wisata kulinernya.</p>;oleh-oleh;IMG_1506311298333.jpg;oleh-oleh;cita rasa oleh-oleh khas blitar;;;;;
-80.931.142;112.178.264;;Point;Jl. Sudanco Supriyadi No.27, Bendogerit, Sananwetan, Kota Blitar, Jawa Timur 66133;<p>cakron souvenir merupakan tempat menjual barang seperti dakrondengan kualitas terbaik, serta membuat seperti gantungan , bantal, dll</p>;oleh-oleh;IMG_1506312061574.jpg;oleh-oleh;Cakron Souvenir;;;;;
-81.087.511;1.121.671.318;;Point;;<p>ada tempat namanya pusat oleh-oleh khas blitar. AMANAH&nbsp;;;;;;;;;
-81.066.049;1.121.697.664;;Point;Jl. Timor No.68, Sananwetan, Kota Blitar, Jawa Timur 66137;<p>batik khas blitar terletak di sananwetan kota blitar</p>;oleh-oleh;IMG_1506312771507.jpg;oleh-oleh;Batik Khas Blitar - Santo;;;;;
-80.967.054;1.121.417.856;;Point;Jl. Tj. No.24, Pakunden, Sukorejo, Kota Blitar, Jawa Timur 67122;<p>secara kualitas dan mutu,&nbsp;;;;;;;;;
-81.006.292;1.121.645.408;;Point;Jl. Kenanga, Kepanjen Kidul, Kepanjenkidul, Kota Blitar, Jawa Timur 66117;"<p><strong><a href=""http://www.resepharian.com/resep-es-pleret-khas-kota-blitar-paling-segar/"">Resep Es Pleret Khas Kota Blitar Paling Segar</a></strong>&nbsp";;;;;;;;;
-8.091.804;11.216.257;;Point;Jangan sungai hulu timur no 3 kelurahan kauman  kec kepanjen kidul kota blitar;<p>Nasionalism adalah pusat oleh oleh khas blita. Galeri yang menyediakan kaos kahs blitar, jajanan dan kerajinan asli kota proklamator</p>;Toilet, wifi, diskon;IMG_1526753938398.jpeg;oleh-oleh;Nasionalism;;;;;
-80.486.491;1.120.882.628;;Point;Ds.kawedusan Kec.Ponggok;<p>Wisata Lengkeh Gunung Pegat secara administratif masuk dalam wilayah Desa Kawedusan, Kec. Ponggok, Kab. Blitar. Obyek wisata ini dikenal pula sebagai tandem paralayang karena sering digunakan para pecinta olahraga paralayang Blitar untuk lepas landas. Pintu masuk wisata Gunung Pegat ini berada pada lembah diantara Gunung Pegat timur dan Gunung Pegat barat yang lazim disebut Lengkeh oleh warga setempat. Dahulu kawasan Lengkeh ini kental dengan mitos bahwa pasangan suami istri baru yang melintasinya akan bercerai atau dalam bahasa jawa disebut pegatan</p>;gazebo, paralayang ,foto area, food court;IMG_1516324540583.jpg;wisata alam ;Bukit Lengkeh Gunung Pegat;;;;;
-81.648.065;1.121.288.674;;Point;Ds. Dawuhan Kec. Kademangan;<p>Bukit bunda adalah salah satu tempat baru yang potensial untuk di kunjungi oleh para wisatawan. tempat ini mempunyai pemandangan khas bukit kapur Blitar selatan, selain itu tempat ini mempunyai beberapa area yang bisa di gunakan wisatawan untuk berkegiatan outbond, bersantai bersama keluarga, dan menjelah perbukitan menggunakan mobil 4x4 yg di sediakan.&nbsp;;;;;;;;;
-81.695.015;1.121.495.627;;Point;Ds. sumberjati Kec. Kademangan;<p>Bukit Bonsai Watu Lawang dikenal dengan banyak nama, ada yang menyebutnya Tumpakwaru dan ada pula yang menyebutnya Bukit Suharto. Penyebutannya sebagai Bukit Suharo tak lepas dari peristiwa bersejarah, yakni peresmian Moumen KNPI oleh Presiden Suharto pada tahun 1989. Pada bukit ini pernah dibangun bangunan-bangunan megah untuk Presiden Suharto. Setelah bergulirnya waktu bukit ini sempat terbengkalai.Bukit Suharto kembali bergeliat dengan nama barunya Bukit Bonsai Watu Lawang. Bukit yang mulanya gersang, kini dikembangkan menjadi salah satu destinasi wisata. Sejumlah photo booth unik kini menghiasi sudut-sudut bukit. Mulai dari yang berbentuk perahu hingga bulan sabit, dan masih banyak bentuk-bentuk unik lainnya. Sejumlah fasilitas pendukung seperti kantin dan toilet juga tampak melengkapi kawasan ini. Bukit Watu Lawang diresmikan pada 3 Desember 2017. Bukit ini terletak di Desa Sumberjati, Kademangan, Kab. Blitar. Bukit ini terletak tak sebegitu jauh dari&nbsp;;;;;;;;;
-79.588.812;1.122.401.717;;Point;Ds. Sumberasri, Kec. Nglegok;<p>Gardu Pandang Sumberasri terletak di atas sebuah bukit di sekitar Perkebunan Gambar, tepatnya di sisi barat&nbsp;;;;;;; Dam Kali Bladak &ndash; Perkebunan Gambar &ndash;" Gardu Pandang. Dam Bladak adalah zona berbahaya dan tidak direkomendasikan untuk dilewati saat cuaca buruk karena rawan terdampak lahar dingin Gunung Kelud</p>"",""food court, foto area"",IMG_1516461808248.jpg,wisata alam ,Bukit Teletubbies (Gardu Pandang)"
-80.695.284;1.124.019.109;;Point;Ds.kemirigede kec.Kesamben;<p>Wisata Hutan Pinus Lereng Gogoniti atau lazimnya disebut Wisata Gogoniti secara administratif terletak di Gunung Gogoniti, Desa Kemirigede, Kec. Kesamben, Kab. Blitar. Sesuai dengan namanya, obyek wisata ini menyajikan suasana&nbsp;;;;;;;;;
-81.532.263;1.122.675.547;;Point;Ds. kaulon Kec. Sutojayan;<p>KALOKA singkatan dari KERATON Alas Lodoyo Kaulon. Sebelum dikembangkan sebagai wana wisata, kawasan Kaulon ini memang telah dikenal oleh&nbsp;;;;;;;;;
-7.983.398;112.414.175;;Point;Ds. Ngadirenggo Kec. wlingi;<p>Puncak Kejora merupakan wana wisata berupa view deck. Letaknya tak jauh dari&nbsp;;;;;;;;;
-79.912.259;112.220.542;;Point;Ds. Penataran Kec. Nglegok;<p>Wisata Alam Paco merupakan sebuah destinasi wisata berupa telaga alami yang terletak di antara rerimbunan pohon karet bolu raksasa. Kawasan ini awalnya merupakan tempat tampungan air irigasi, namun karena memiliki suasana dan panorama yang menjanjikan. Wisata Alam Paco secara administratif terletak di Desa Panataran, Kec. Nglegok, Kab. Blitar. Lokasi obyek wisata ini cukup strategis karena berada di antara Kawasan Wisata&nbsp;;;;;;;;;
-80.538.506;1.120.992.952;;Point;Ds.kawedusan Kec.Ponggok;<p>negeri dongeng merupakan wahana wisata yang berisikan miniatur landmark terkenal dari berbagai negara, seperti menara eifel, patung liberty, candi borobudur dll</p>;food court, foto area;IMG_1516463082199.jpg;Taman;Negeri Dongeng;;;;;
-79.917.741;1.123.424.759;;Point;Ds. Semen Kec. Gandusari;<p>&nbsp;;;;;;;;;
-80.064.899;1.122.276.773;;Point;Dsn. Karanganyar Ds.Modangan Kec. Nglegok;<p>Kampung Melon atau Kampoeng Melon merupakan salah satu desa wisata berbasis agro dengan komoditi melon sebagai daya tarik andalannya. Kawasan wisata ini secara administratif masuk dalam wilayah Dusun Karaganyar, Desa Modangan, Kec. Nglegok, Kab. Blitar. Posisinya cukup strategis karena cukup dekat dengan&nbsp;;;;;;;;;
-82.535.504;1.122.694.836;;Point;Ds. Panggungrejo Kec. Panggungrejo;<p>Kedung Golek merupakan sebuah jurug atau air terjun yang terletak di Desa Panggungrejo, Kec. Panggungrejo Kab. Blitar. Setelah dikembangkan jurug ini diberi nama Air Terjun Bidadari.</p>;;;;;;;;;
<p>Rute untuk menuju ke lokasi air terjun cukup mudah. Dari Blitar arahkan perjalanan ke Sutojayan &ndash;;;;;;;;;;;;;;
-7.996.926;112.240.388;;Point;Dsn. Karanganyar Ds.Modangan Kec. Nglegok;<p>Perkebunan Kopi Karanganyar secara administratif terletak di Dusun Karanganyar, Desa Modangan, Nglegok, Kab. Blitar. Letak perkebunan ini cukup strategis karena berada tak jauh dari&nbsp;;;;;;;;;
-81.474.211;1.121.574.692;;Point;Ds. Rejowinangun Kec. Kademangan;<p>omah jenang merupakan wisata edukasi ngudek jenang/mengaduk jenang blitar.Selain menyediakan Jenang, Madumongso, Wajik Klethik, Wajik Ketan di outlet kami juga menyediakan berbagai macam jajanan khas lainnya,antara lain ;;;;;;;;;
-79.730.441;1.124.364.437;;Point;Ds. Ngadirenggo Kec. wlingi;<p>Obyek wisata ini dikenal memiliki keindahan alam yang tiada duanya, dikenal menyimpan peninggalan benda cagar budaya yang adiluhung, dan dikenal pula memiliki medan yang menantang. Inilah Wisata Agro Sirah Kencong. Terletak pada ketinggian 1000 m dpl, secara administratif masuk dalam wilayah Desa Ngadirenggo, Kec. Wlingi, Kab. Blitar, berada dalam pengelolaan PT. Perkebunan Nusantara XII.</p>;warung makan,toilet,mushola,home stay;IMG_1517887367722.jpg;wisata alam ;Perkebunan Sirah Kencong;;;;;
-813.904.466;11.220.957.041;;Point;Desa Karangsono Kecamatan Kanigoro Kabupaten Blitar;"<p style=""text-align: justify";;;;;;;;;
-80.996.858;1.121.474.422;;Point;Jl. Tanjung No.160 , Kota Blitar, Jawa Timur ;<p>secara kualitas dan mutu&nbsp;;;;;;;;;
