_id;latitude;longitude;altitude;geometry;address;description;facilities;imageThumbnail;kategori;nama;Rating
1;-8,0164231;112,2097501;;Point;Penataran, Nglegok, Blitar, Jawa Timur 66181;Candi Penataran secara administratif terletak di Desa Penataran, Kec. Nglegok, Kab.Blitar. Candi ini terletak sekitar 12 km di utara Kota Blitar, berada di kaki Gunung Kelud. Merupakan komplek candi dengan tataruang persegi, memanjang dari barat ke timur yang dibagi menjadi tiga pelataran. Dahulu antar pelataran dipisahkan oleh dinding, namun saat ini dinding yang dimaksud telah runtuh. Komplek candi ini terdiri dari pintu masuk utama, pendopo agung, teras pendopo, Candi Angka Tahun, Candi Naga, Candi Induk, tubuh candi induk, dan Petirtaan Dalam. Candi Penataran merupakan salah satu contoh luar biasa dari ciri arsitektur Jawa Timur, di mana candinya berupa struktur berundak dengan tempat paling suci terletak pada sisi belakang candi.;candi;IMG_1504006362459.jpg;candi;Candi Penataran;4.5
2;-8,315604;112,1435613;;Point;Tambakrejo, Wonotirto, Blitar, Jawa Timur 66173;Pantai Tambakrejo terletak di Desa Tambakrejo, Kecamatan Wonotirto, Kabupaten Blitar, atau sekitar 30 km kearah selatan Kota Blitar. Pantai ini sangat unik karena memiliki garis pantai dengan pasir putih sekitar 10 km. Selain itu, pantai ini cenderung berbentuk teluk, sehingga ombak yang menerjang pantai Tambakrejo tidak begitu besar. Dengan kondisi yang demikian, pantai ini cukup aman untuk dijadikan lokasi bermain air, tetapi tetap memperhatikan keselamatan. Wisata ini merupakan salah satu pantai yang paling favorit di Blitar, sehingga banyak dikunjungi wisatawan lokal maupun asing.;pantai;IMG_1514037072496.png;pantai;Pantai Tambakrejo di Blitar;4.4
3;-8,3321342;112,3298253;;Point;Ringinsari, Ringenrejo, Wates, Blitar, Jawa Timur 66194;Pantai lain yang tidak kalah favorit di kabupaten Blitar adalah Pantai Jolosutro. Pantai ini memiliki pasir hitam yang halus, tetapi tetap menawarkan keindahan alam yang tidak ada duanya. Pantai eksotis ini juga cukup terkenal bagi kalangan peselancar karena memiliki ombak yang cukup besar, sehingga bagi kalian yang berniat untuk bermain air di pantai ini, diharap selalu waspada. Lokasi pantai ini terletak di Desa Ringenrejo, Kecamatan Wates, Kabupaten Blitar, atau berjarak 45 Km dari pusat Kota Blitar. Selain itu, lokasi pantai ini juga berbatasan dengan Kabupaten Malang, sehingga cocok untuk dijadikan tempat singgah melepas penat ketika sedang menempuh perjalanan ke Malang.;pantai;IMG_1514262263235.jpg;pantai;Pantai Jolosutro di Blitar;4.3
4;-8,3124219;112,110525;;Point;Tumpakkepuh, Bakung, Blitar, Jawa Timur 66163;Pantai Pangi merupakan salah satu tempat wisata pantai di Blitar yang cukup terkenal. Pantai ini tampak seperti teluk, dengan bebatuan karang yang menutupinya. Lokasinya yang cukup tersembunyi menyebabkan keasrian alam pantai ini tetap terjaga. Selain itu, pantai ini menawarkan suasana pedesaan yang akan membuat kalian betah berlama-lama di tempat wisata ini. Apabila kalian ingin &ldquomenyatu dengan alam&rdquo, kalian dapat camping di pantai ini bersama teman-teman terdekat. Lokasi pantai ini terletak di Desa Tumpak Kepuh, Kecamatan Bakung, Kabupaten Blitar.;pantai;IMG_1505784974356.jpg;pantai;Pantai Pangi di Blitar;4.3
5;-8,3237473;112,148797;;Point;Tambakrejo, Wonotirto, Blitar, Jawa Timur 66173;Apabila kalian berkunjung ke wisata Blitar Pantai Tambakrejo, sempatkan untuk mengunjungi pesanggrahan yang terletak di atas bukit pantai tersebut. Lokasi ini menawarkan keindahan pemandangan pantai yang indah, serta dipadukan dengan suasana senja yang romantis. Pesanggrahan ini merupakan sebuah penginapan yang memiliki beberapa fasilitas istimewa, mulai dari bedroom, hingga ruang rapat yang sangat cocok untuk dijadikan tempat meeting.;pantai;IMG_1505786176043.jpg;pantai;Wisata Pesanggrahan Tambakrejo di Blitar;5.0
6;-8,3315725;112,22294;;Point;Serang, Panggungrejo, Blitar, Jawa Timur 66174;Salah satu tempat wisata di Blitar yang wajib dikunjungi adalah Pantai Serang. Salah satu daya tarik dari pantai ini adalah pasir putih bersih dan halus, tentu saja sangat instagramable. Pantai ini berlokasi di Desa Serang, Kecamatan Panggungrejo, Kabupaten Blitar, atau 45 km ke arah barat daya Kota Blitar. Pantai ini juga cukup aman untuk dijadikan lokasi berenang karena memiliki ombak yang tidak terlalu besar.;pantai,resto,atv,penakaran penyu;IMG_1516157704873.jpg;pantai;Wisata Pantai Serang di Blitar;4.4
7;-8,3439332;112,2346652;;Point;Dusun Pehpulo, Sumbersih, Panggungrejo, Blitar, Jawa Timur 66174;Satu lagi lokasi pantai yang memiliki keindahan alam di bagian selatan Kabupaten Blitar adalah Pantai Peh Pulo. Lokasi pantai ini terletak di daerah Panggung Rejo atau dapat ditempuh menggunakan kendaraan pribadi selama kurang lebih Sembilan puluh menit. Wisata pantai Blitar ini cukup tersembunyi dan panorama alamnya masih cukup asri. Selain itu, pantai ini juga menjadi salah satu tempat wisata Blitar terbaru yang sangat direkomendasikan untuk kalian kunjungi.;pantai;IMG_1505786679494.jpg;pantai;Wisata Pantai Peh Pulo di Blitar;4.4
8;-8,320544;112,148355;;Point;Tambakrejo, Wonotirto, Blitar, Jawa Timur 66173;Mendengar namanya saja sudah cukup seram, bukan? Namun demikian, pesona wisata alam di Blitar ini memiliki keindahan alam yang sangat bagus. Pantai ini masih sepi, memiliki pasir putih yang panjang, dan cukup terjaga keasriannya. Objek wisata Blitar ini tergolong baru, sangat cocok untuk dijadikan sebagai lokasi camping. Untuk menuju lokasi wisata ini, sangat membutuhkan perjuangan karena kalian harus melewati bukit dan menyeberang sungai. Pantai ini sangat cocok bagi kalian yang memiliki jiwa petualang.;pantai;IMG_1505787073169.jpg;pantai;Wisata Pantai Gondo Mayit di Blitar;4.4
9;-8,3150254;112,0899445;;Point;Sidomulyo, Bakung, Blitar, Jawa Timur 66163;Tempat wisata di Blitar yang lagi hits adalah wisata Pantai Umbul Waru. Pantai ini terletak di Desa Sidomulyo, Kecamatan Bakung, Kabupaten Blitar. Pantai ini sangat unik karena memiliki air terjun yang mengalir dari atas bukit menuju ke Samudra Hindia. Akses menuju lokasi pantai ini cukup sulit karena kalian harus melalui jalanan terjal dan sempit. Apabila kalian akan menuju ke sana, kami rekomendasikan untuk menyiapkan perbekalan yang cukup;pantai;IMG_1505788165507.jpg;pantai;Wisata Pantai Umbul Waru di Blitar;4.2
10;-7,9487673;112,3174814;;Point;Slumbung, Gandusari, Blitar, Jawa Timur 66187;Tempat wisata di Blitar ini terletak di kawasan Gunung Kelud, tepatnya di Desa Wisata Ekologis, Semen Gandusari, Kecamatan Gandusari, Kabupaten Blitar. Untuk mencapai air terjun ini, kalian harus melalui jalan setapak sekitar dua jam!. Lokasi wisata Blitar ini cocok bagi kalian yang memiliki jiwa petualangan.;Air Terjun;IMG_1505788437928.jpg;Air Terjun;Tempat Wisata Alam Air Terjun Coban Wilis Blitar;4.2
11;-7,9730441;112,4364437;;Point;Ngadirenggo, Wlingi, Blitar, Jawa Timur 66184;Wisata Blitar air terjun yang satu ini terletak di Desa Ngadirenggo, Kecamatan Wlingi, Kabupaten Blitar. Sama seperti wisata air terjun sebelumnya, akses menuju lokasi ini juga cukup menantang karena harus berjalan kaki melewati hutan belantara. Lokasinya yang tersembunyi menyebabkan wisata ini masih cukup asri.;Air Terjun;IMG_1505788860419.jpg;Air Terjun;Tempat Wisata Air Terjun Sirah Kencong Blitar;4.4
12;-8,2578581;112,285778;;Point;Panggungrejo, Blitar, Jawa Timur 66174;Objek wisata di Blitar ini merupakan sebuah air terjun yang cukup unik, karena bukan berada di sekitar perbukitan kapur, melainkan sebuah tebing breksi yang jarang dijumpai di wilayah ini. Wisata ini menjadi salah satu tempat wisata di Blitar terbaru dan cukup hits. Lokasi wisata ini terletak di Desa Balerejo, Kecamatan Panggungrejo, Kabupaten Blitar. Di tempat ini, kalian dapat menikmati segarnya air yang cukup jernih.;Air Terjun;IMG_1505789212422.jpg;Air Terjun;Wisata Alam Air Terjun Grenjeng Blitar;3.8
13;-8,2724912;112,320518;;Point;Purworejo, Wates, Blitar, Jawa Timur 66194;Wisata air terjun kali ini terletak di Desa Purworejo, Kecamatan Wates, Kabupaten Blitar. Air terjun di sini cukup unik karena memiliki kontur tebing air terjun yang bergelombang, sehingga air yang jatuh dari ketinggian memecah menjadi berbagai bagian. Wisata ini sangat cocok bagi kalian yang ingin menghabiskan waktu untuk berendam di aliran air yang dingin dan segar.;Air Terjun;IMG_1505791071145.jpg;Air Terjun;Wisata Alam Air Terjun Jurug Bening Blitar;4.2
14;-8,2724912;112,320518;;Point;Desa Tumpakoyot dan Desa Bululawang, Kecamatan Bakung, Kabupaten Blitar.;Masih berhubungan dengan air, kali ini kita akan menuju ke Desa Balulawang, Kecamatan Bakung, Kabupaten Blitar. Wisata baru di Blitar ini tergolong masih asri dan belum banyak dikunjungi oleh wisatawan. Di sini kalian dapat mandi di sebuah kolam yang jernih dan bersih. Sementara itu, di Curug Badun kalian akan melihat curug bertingkat dengan ketinggian sekitar 8 meter.;Air Terjun;IMG_1505791374065.jpg;Air Terjun;Curug dan Kedung Badrun Blitar;4.0
15;-8,2619087;112,0710779;;Point;Bakung, Blitar, Jawa Timur 66163;Air Terjun Tirto Galuh Blitar adalahair terjun yang juga mulai terkenal akhir-akhir ini. Di tempat ini, kita bisa melihat air mengalir di atas bebatuan yang berlumut namun elok dipandang mata. Akses jalan untuk sampai keAir Terjun Tirto Galuh Blitar cukup jauh. Setelah naik motor dan memarkir motor seharga Rp2.000, Anda harus berjalan sekitar 400 meter untuk sampai di lokasi. Kalau sedang tidak beruntung, perjalanan sepanjang itu harus ditambah dengan jalanan yang becek pasca hujan.;Air Terjun;IMG_1505791606287.jpg;Air Terjun;Air Terjun Tirto Galuh Blitar;4.1
16;-7,8821341;111,7970319;;Point;Geger, Sendang, Kabupaten Tulungagung, Jawa Timur 66254;Lokasi Air Terjun Lawean ini terletak di Dusun Parang, atau berada di kawasan perkebunan Kawisari, Blitar. Akses menuju lokasi ini cukup mudah dan sudah terawat. Air terjun ini terbagi menjadi dua bagian, dan memiliki ketinggian aliran air sekitar dua puluh lima meter.;Air Terjun;IMG_1516157499656.jpg;Air Terjun;Air Terjun Lawean Kawisar;4.7
17;-7,997326;112,345049;;Point;Jl. Nanas Semen, Semen, Gandusari, Blitar, Jawa Timur 66187;Desa Wisata ini terletak di Desa Semen, atau sekitar 35 km dari pusat Kota Blitar. Desa Wisata ini terletak di kaki Gunung Kelud, sehingga menjadikan wilayah ini memiliki iklim yang sejuk. Selain itu, Desa Wisata ini menawarkan suasana pedesaan yang masih asri, jauh dari hiruk pikuk perkotaan. Wisata ini sangat cocok bagi kalian yang ingin keluar rutinitas perkotaan.;taman;IMG_1505792679034.jpg;taman;Kampung Wisata Ekologis Puspa Jagad;4.3
18;-8,1742545;112,0854874;;Point;Desa Tumpakkepuh, Kecamatan Bakung, Kabupaten Blitar, arah selatan Kota Blitar dengan jarak sekitar 40 km;Wisata alam gua ini terletak di Desa Tampakkepuh, Kecamatan Bakung, Kabupaten Blitar. Di tempat wisata ini, kalian dapat menikmati keunikan stalagmit stalaktit yang menjadi ornamen terpenting yang harus kalian lihat. Gua ini cukup terkenal dan menjadi salah satu destinasi unggulan Kabupaten Blitar, Jawa Timur. Berdasarkan kesaksian warga setempat, Gua ini pernah menjadi salah satu tempat persembunyian simpatisan Partai Komunis Indonesia (PKI).;goa;IMG_1505792989031.jpg;goa;Tempat Wisata Alam Gua Embultuk Blitar;4.0
19;-7,919996;112,4499662;;Point;Ngadirenggo/Htn, Kecamatan Wlingi, Kabupaten Blitar, Jawa Timur,;Wisata alam Blitar ini cocok bagi kalian yang memiliki hobi mendaki gunung. Apabila kalian merasa cukup lelah untuk mendaki Gunung Kelud atau Semeru, pendakian ke Gunung Butak dapat kalian jadikan alternatif pendakian kalian. Wisata mini ini menawarkan pemandangan alam dari atas bukit dan lokasi camping ceria yang mengasyikkan. Kalian dapat mendaki Gunung Butak melalui basecamp Sirah Kencong yang terletak di Desa Ngadirenggo.;gunung;IMG_1516157126668.JPG;gunung;Wisata Alam Gunung Butak;5.0
20;-8,0084435;112,1859536;;Point;Jl. Mastrip, Ngoran, Nglegok, Kedawung, Nglegok, Blitar, Jawa Timur 66181;Chenoa Water Play Kedawung adalah wahana bermain anak yang bertempat di Blitar. Sebagai sebuah wahana kolam renang, tempat wisata ini mempunyai perlengkapan yang cukup lengkap. Mulai dari penjagawater boom, komidi putar, panggung pementasan, pemancingan, dst. tersedia lengkap diChenoa Water Play Kedawung. Tempat ini cocok untuk Anda yang ingin berlibur di akhir pekan bersama keluarga,;kolam renang;IMG_1505793903900.jpg;kolam renang;Chenoa Water Play Kedawung;3.8
21;-7,9619272;112,3684249;;Point;Jl. Mastrip, Ngoran, Nglegok, Kedawung, Nglegok, Blitar, Jawa Timur 66181;Telaga Rambut Monte merupakan salah satu andalan tempat wisata di Blitar. Wisata ini menawarkan pemandangan telaga yang sangat jernih. Selain itu, daya tarik lainnya dari telaga ini adalah bangunan candi dan tempat petilasan yang masih sering digunakan untuk ritual. Pemandangan di sekitar lokasi juga tak kalah indah, kalian akan melihat hamparan perkebunan teh serta ladang persawahan yang subur. Lokasi wisata ini terdapat di Desa Krisik, atau 30 Km dari pusat Kota Blitar.;telaga;IMG_1505795819091.jpg;telaga;Telaga Rambut Monte;4.5
22;-8,0919959;112,1653971;;Point;Jl. Kalibrantas, Kepanjen Kidul, Kepanjenkidul, Kota Blitar, Jawa Timur 66116;Wahana keluarga yang satu ini terletak sekitar 500 meter dari makan Bung Karno, tepatnya di Jalan Kali Brantas, Kelurahan Bendo. Di tempat ini, kalian dapat menikmati fasilitas wahana air, seperti kolam renang, papan seluncur, dan masih banyak lagi. Tiket masuk wisata ini cukup murah, yaitu 10.000 pada weekday, dan 15.000 pada weekend. Murah bukan?;kolam renang;IMG_1505796853878.jpg;kolam renang;Wahana Wisata Water Park Sumberudel Blitar;4.2
23;-8,0513889;112,08;;Point;Gn. Pegat, Dadaplangu, Ponggok, Blitar, Jawa Timur;Sebagai gunung,Gunung Pegat Ponggok Srengat Blitar tak setinggi semeru atau gunung-gunung yang pretensius untuk dinaiki para pendaki. Sebenarnya Gunung Ponggok sudah mulai ramai sejak tahun 2000, namun akhir-akhir ini tempat wisata ini naik kembali karena suguhan pemandangan malam yang indah dari atas gunung.;gunung;IMG_1505797703278.jpg;gunung;Gunung Pegat Ponggok Srengat Blitar;4.2
24;-7,9681425;112,238094;;Point;Sumberasri, Nglegok, Blitar, Jawa Timur 66181;Kompleks percandian ini terletak di lereng Gunung Kelud, tepatnya di tepi Sungai Bladak. Candi ini merupakan salah satu candi Hindu peninggalan Kerajaan Majapahit. Saat ini, bangunan candi hanya tersisa bagian bawahnya saja. Selain itu, candi ini juga masih menyisakan dua buah arca, serta monumen bangunan punden berundak.;candi;IMG_1505797910057.jpg;candi;Wisata Sejarah Candi Gambar Wetan Blitar;4.4
25;-8,156627;112,1718042;;Point;Jl. Banteng - Blorok No. 18, Desa Plosorejo, RT. 01 / 06, Kademangan, Plosorejo, Kademangan, Blitar, Jawa Timur 66161;Wisata Edukasi ini terletak ini di Kabupaten Blitar, yaitu di Jl. Banteng Blorok 18 Desa Plosorejo Kademangan Blitar. Di tempat ini, pengunjung dapat menikmati berbagai olahan coklat, mulai dari ice cream, mie coklat, hingga kue coklat. Tiket masuk wisata kuliner Blitar ini cukup murah, hanya Rp. 5.000,00. Destinasi Wisata Blitar Kampung Coklat ini menawarkan sensasi makan coklat yang tidak ada duanya.;kedai;IMG_1505798302638.jpg;kedai;Wisata Edukasi Kampung Coklat Blitar;4.4
26;-8,0991564;112,1651316;;Point;Jl. Merdeka, Kepanjen Lor, Kepanjenkidul, Kota Blitar, Jawa Timur 66117;Taman Pecut Kota Blitar terletak di pusat kota Blitar, masih satu kompleks dengan Alun-alun Blitar.Seperti namanya, tempat ini memang mempunyai patung pecut yang ikonik. Patung inidibuat untuk menjadi simbol atas pusaka Samandiman yang dimiliki oleh Adipati Blitar. Di taman ini, Anda bisa menemukan atraksi air mancur di malam hari. Ragam polah kucuran air dipadu dengan permainan lampu membuat atraksi ini ditunggu banyak wisatawan yang tengah berkunjung di Blitar.;taman;IMG_1505798744025.jpg;taman;Taman Pecut Kota Blitar;4.4
27;-8,0797236;112,18361;;Point;Bendogerit, Sananwetan, Kota Blitar, Jawa Timur 66133;DiSentul Green Park Blitar, Anda bisa menghabiskan waktu untuk bersantai di bawah pohon-pohon rindang di kota Blitar. Tempat ini memang dibuatagar masyarakat Blitar mempunyai kawasan yang asri dan penuh dengan pepohonan.Karena terbilang cukup baru, belum banyak orang yang tahu mengenai tempat ini. Hal tersebut ditambah karena akses menuju tempat ini agak tersembunyi, meski sebenarnya tempatnya tidak terlalu jauh dari makam Bung Karno.;taman;IMG_1505799017939.jpg;taman;Sentul Green Park Blitar;4.2
28;-8,0961454;112,1744657;;Point;Jl. Diponegoro No.12, Bendogerit, Sananwetan, Kota Blitar, Jawa Timur 66133;Kebonrojo Blitar adalah sebuah taman yang cocok untuk jalan-jalan bersantai bersama dengan keluarga. Berlokasi di jalan Diponegoro, tepatnya di depan SMAK Diponegoro, taman ini menyediakan wahana permainan ringan dan tanah yang lapang untuk bersantai. Selain permainan dan patung-patung, di taman ini juga terdapat tanaman dan hewan sungguhan seperti burung beo dan burung belibis.;taman;IMG_1505799381196.jpg;taman;Kebonrojo Blitar;4.5
29;-8,259527;112,074235;;Point;Jl. Trisula, Bakung, Blitar, Jawa Timur 66163;Dibangun oleh militer dengan alasan untuk mengenang pembantaian yang terjadi pada 1 Oktober 1965, monumen ini kini sering dikunjungi oleh wisatawan. Sejarah yang kelam memang menyelimuti tempat wisata ini, namun hal itu tidak mengurangi minat para wisatawan, asing maupun domestik untuk berkunjung di lokasi ini. Monumen yang diresmikan sejak Desember 1972 ini menjadi penanda bagi warga Blitar bahwa pernah ada pembantaian manusia yang dituduh makar oleh militer Indonesia.;taman;IMG_1505799650521.jpg;taman;Monumen Trisula;4.4
30;-8,0152207;112,2270433;;Point;Modangan, Nglegok, Blitar, Jawa Timur 66181;Wisata Blitar ini merupakan situs percandian yang tidak jauh dari kawasan Candi Penataran. Lokasi wisata ini terletak di Desa Modangan, Kecamatan Nglegok, Kabupaten Blitar. Pada kawasan situs arca warak ini, juga ditemukan beberapa artefak sejarah, di antaranya Jaladwara Kemuncak serta Lumpang.;candi;IMG_1505803927847.jpg;candi;Wisata Sejarah Arca Warak di Blitar;4.2
31;-8,0164231;112,2097501;;Point;Penataran, Nglegok, Blitar, Jawa Timur 66181;Objek wisata Blitar ini terletak di Desa Kotes, Kecamatan Gandusari, Kabupaten Blitar. Candi ini berdiri pada tahun 1302, dan masih memiliki keterkaitan dengan Candi Penataran. Candi ini memiliki dua kompleks bangunan, yaitu Candi I di bagian Barat, dan Candi II di bagian timur. Sama seperti candi lain di Blitar, Candi Kotes juga merupakan peninggalan kerajaan Majapahit.;candi;IMG_1505804075270.jpg;candi;Wisata Sejarah Candi Kotes Blitar;4.1
32;-8,0845969;112,1761528;;Point;Sanan Wetan Jalan Sultan Agung No.59, Sananwetan, Kota Blitar, Jawa Timur 66137;Siapa yang tidak mengenal sang proklamator negeri ini? Ya, benar sekali, beliau adalah Bung Karno. Perlu kalian tahu, Bung Karno merupakan presiden pertama Republik Indonesia, dan menjadi salah satu figur terpenting negeri ini. Beliau meninggal pada tahun 1970 dan di makamkan di Blitar. Saat ini, makam Bung Karno tidak pernah sepi dari para peziarah yang ingin menghormati jasa-jasa beliau. Apabila kalian ingin berkunjung ke tempat ini, dipersilahkan datang ke Desa Bendogerit, atau berjarak 3 km dari pusat Kota Blitar.;makam pahlawan;IMG_1505804668947.jpg;makam pahlawan;Makam dan Kediaman Bung Karno di Blitar;4.6
33;-8,0981261;112,1652352;;Point;Jl. Merdeka, Kepanjen Lor, Kepanjenkidul, Kota Blitar, Jawa Timur 66117;Salah satu tempat wisata Blitar dekat stasiun adalah Alun-alun Blitar. Alun-alun ini hanya terletak kurang lebih 500an meter dari stasiun kereta api. Di tempat ini, kalian dapat menikmati wisata kuliner serta menikmati wisata Blitar malam hari. Di Alun-alun Blitar ini, terdapat berbagai fasilitas, di antaranya jogging track, serta fitness outdoor. Wisata di Kota Blitar ini merupakan alternatif lain apabila kalian tidak memiliki kesempatan untuk menjelajahi objek wisata yang lain. Tempat wisata di Blitar dekat stasiun ini sangat cocok digunakan untuk melepas penat setelah menempuh perjalanan yang panjang.;taman;IMG_1505804845640.jpg;taman;Alun-alun Kota Blitar;4.4
34;-8,0672226;112,1213229;;Point;Jatilengger, Ponggok, Blitar, Jawa Timur 66153;Apabila kalian ingin melihat bagaimana sekawanan rusa di sekitar Kabupaten Blitar, kami sarankan Anda untuk menuju ke Maliran, Kecamatan Ponggok, Blitar. Di tempat ini, kalian dapat menikmati sensasi memberi makan rusa. dan juga out bound. dengan harga tiket masuk Rp. 10.000. dan tiket motor Rp.2000,- dan mobil Rp.5000,-;taman, out bound;IMG_1525227657579.JPG;taman;Tempat Wisata Penangkaran Rusa Maliran Blitar;4.4
35;-8,0987926;112,2353357;;Point;Sawentar, Kanigoro, Blitar, Jawa Timur 66171;Candi sawentar terletak di Desa Sawentar, Kecamatan Kanigoro, Blitar, Jawa Timur. Bagaimana latar belakang candi ini? Wikipedia menjelaskan bahwa :<em>Di dalam Kitab Negarakertagama, Candi Sawentar disebut juga Lwa Wentar. Bangunan candi ini dahulunya merupakan sebuah kompleks percandian, karena disekitarnya masih ditemukan sejumlah pondasi yang terbuat dari bata, dan candi ini diduga didirikan pada awal berdirinya Kerajaan Majapahit. Candi yang terbuat dari batu andesit ini berukuran panjang 9,53 m, lebar 6,86 m dan tingginya 10,65 m. Pintu masuk menuju bilik berada di sebelah barat, dengan ornamen makara pada pipi tangga, sedangkan relung-relungnya terdapat pada setiap dinding luar tubuh candi. Di dalam ruangan bilik ditemukan akas arca dengan pahatan burung garuda, yang dikenal sebagai kendaraan Dewa Wisnu. Berdasarkan hal ini dapat diketahui bahwa Candi Sawentar merupakan bangunan suci yang berlatar belakang agama Hindu. Ketika berkunjung kesana, terlihat areal candi berada agak/sebagian di dalam tanah. Hal ini terlihat dari letak candi yang berada di bawah tanah.</em>;candi;IMG_1506047273106.jpg;candi;candi sawentar;4.4
36;-8,0730053;112,3263266;;Point;Jl. Semeru No.4, Babadan, Wlingi, Blitar, Jawa Timur 66184;Prasasti Munggut merupakan prasasti yang terdapat di kecamatan wlingi kabupaten Blitar. bagimana sejarah prassti ini? Well, wikipedia sebagai rujukannya. Sejarah prasasti ini ada kaitannya dengan babadan. Apa itu babadan? Tentunya warga wlingi sudah paham dengan hal itu.<em>Tepatnya Babadan adalah kelurahan di kecamatan Wlingi, Blitar, Jawa Timur, Indonesia. Babadan terdiri dari 5 pedukuhan yaitu dukuh Gurit, Babadan, Darungan, Duren dan Tejo. Penduduk dari perbatasan dukuh Tejo dan Babadan kebanyakannya bekerja mencari batu di Sungai Lekso untuk menambah pendapatan. Dengan naungan dari Gunung Kelud, masyarakatnya cukup mampu untuk menghidupi dirinya sendiri dari sektor agraris.<br />Menurut legenda, nama Babadan diambil dari kata babad utan. Mbah Cokropati sebagai utusan dari Kerajaan Majapahit diberi mandat untuk membuka areal tersebut dengan membabad (menebang namun berwawasan lingkungan) utan(hutan) tersebut, karena akan digunakan untuk suatu hal. Sebagai pengingat dan warisan bagi keturunanya, Mbah Cokropati menamainya Babadan dan membuatkan prasasti bernama Prasasti Munggut (sekarang tidak terawat, terlantar di perempatan sebelah utara pasar Wlingi).</em>;candi;IMG_1506047526663.jpg;candi;Prasasti Munggut;4.2
37;-8,1643532;112,146113;;Point;Jl. Candi Simping, Sumberjati, Kademangan, Blitar, Jawa Timur 66161;"Candi ini terdapat di desa Sumberjati Kecamatan kademangan. Ketika berkunjung kesana, saya mendapati bahwa candi ini sudah tidak berbentuk candi atau dengan kata lain bayak bagian yang tidak berada pada tempat yang semestinya. Dikutip dari<span class=""skimlinks-unlinked"">vivanews.com</span>,<em>candi ini merupakan perabuan raja Majapahit, yaitu Raden Wijaya. Di situs yang berdiri di areal 40 x 40 meter persegi ini tampak ratusan bahkan ribuan susunan batuan jenis andesit dan batu bata merah yang tidak tertata layaknya bangunan candi, hampir semua rata dengan tanah. Hanya beberapa bongkahan batu besar yang tersusun membentuk bangunan bagian dari candi.</em>";candi;IMG_1506047675072.jpg;candi;Candi simping;4.4
38;-8,1947597;112,2437927;;Point;Bacem, Sutojayan, Blitar, Jawa Timur 66172;Candi Bacem terletak di dusun Cungkup, desa Bacem, kecamatan Sutojayan, kabupaten Blitar, Jawa Timur. Candi yang terbuat dari batu bata ini terdiri dari dua buah candi, yaitu candi Bacem I yang mempunyai ukuran tinggi 109 cm, panjang 310 cm, lebar 300 cm, dan Candi Bacem II yang berukuran tinggi 110 cm, panjang 540 cm dan lebarnya 500 cm. Bentuk dari kedua candi ini tidak beraturan karena susunan batu batanya sudah tidak menunjukkan profil yang jelas, dan hanya tinggal susunan batu bata pada pondasinya saja, sedangkan bagian tubuh dan atap candi sudah tidak ditemukan lagi.;candi;IMG_1506047859295.jpg;candi;Candi Bacem;4.4
39;-8,074516;112,339754;;Point;Plumbangan, Doko, Blitar, Jawa Timur 66186;Candi Plumbangan adalah sebuah candi yang terletak di desa Plumbangan, kecamatan Doko, kabupaten Blitar, Jawa Timur. Bentuk bangunan candi ini berupa pintu gerbang paduraksa dengan puncak berbentuk kubus. Pintu gerbang ini terbuat dari batu andesit, dengan ukuran panjang 4.09 m, lebar 2,27 m dan tingginya 5,6 m.;candi;IMG_1506048040296.jpg;candi;Candi Plumbangan;4.3
40;-8,0113243;112,1427519;;Point;Candirejo, Ponggok, Blitar, Jawa Timur 66153;Candi Sumbernanas merupakan sebuah candi yang terletak di desa Candirejo, kecamatan Ponggok, kabupaten Blitar. Dalam laporan pada abad ke-19 M, candi ini disebut dengan nama Candi Genengan atau Candi Puton. Candi ini menghadap ke arah barat, sedangkan bilik candinya dalam keadaan kosong, dan di atas pintu masuk bilik candi tersebut dipahatkan angka 1271 Saka (1349 M).;candi;IMG_1506048216512.jpg;candi;Candi Sumbernanas;4.2
41;-8,0027266;112,2817346;;Point;Gadungan, Gandusari, Blitar, Jawa Timur 66187;Candi Wringin Branjang terletak di desa Gadungan, kecamatan Gandusari, kabupaten Blitar, Jawa Timur. Candi ini letaknya masih satu kompleks dengan situs Gadungan, jaraknya sekitar 100 m di sebelah barat situs Gadungan I. Candi yang terbuat dari batu andesit ini memiliki bentuk yang sangat sederhana.;candi;IMG_1506048403532.jpg;candi;Candi Wringin Branjang;4.5
42;-8,0882231;112,4007311;;Point;Tepas, Kesamben, Blitar, Jawa Timur 66191;Candi Tepas terletak di Tepas, Kesamben, Blitar, Jawa Timur. Secara keseluruhan struktur bangunan candi ini telah rusak. Struktur bangunan yang tertinggal saat ini adalah bagian pondasi, kaki candi yang mempunyai ukuran panjang 11,25 m, lebar 7,75 m dan tangga naik yang menghadap ke barat.;candi;IMG_1506048518960.jpg;candi;Candi Tepas;4.2
43;-7,9619272;112,3684249;;Point;Krisik, Gandusari, Blitar, Jawa Timur 66187;Candi Rambut Monte adalah sebuah candi yang terletak di desa Krisik, kecamatan Gandusari, kabupaten Blitar, Jawa Timur. Candi ini terbuat dari batu andesit dan berdenah segi empat, dengan berukuran panjang 292 cm, lebar 296 cm dan tingginya 85 cm dengan tangga naik berada di sisi barat. Bangunan candi hanya tinggal bagian kaki dan tubuhnya saja, sedangkan bagian atap candi telah mengalami keruntuhan.;candi;IMG_1506048755254.jpg;candi;Candi Rambut Monte;4.3
44;-7,9980014;112,1403185;;Point;Candirejo, Ponggok, Blitar, Jawa Timur 66153;Candi Kalicilik adalah sebuah candi Hindu yang terletak di desa Candirejo, kecamatan Ponggok, kabupaten Blitar, Jawa Timur. Bangunan candi ini terbuat dari bata merah dan memiliki denah bujur sangkar dengan ukuran 6,8 m x 6,8 m, serta tingginya 8,3 cm. Candi ini terdiri atas tiga bagian yaitu candi, tubuh candi dan atap candi. Pintu candi menghadap ke arah barat dan di atasnya terdapat hiasan berupa kala.;candi;IMG_1506048958484.jpg;candi;Candi Kalicilik;4.2
45;-7,71507425;112,2795868;;Point;Bajang, Talun, Blitar, Jawa Timur 66183;Kolam Renang Lovina;kolam renang;IMG_1506052095965.jpg;kolam renang;Kolam Renang Lovina;4.0
46;-8,013147;112,2080838;;Point;Jl. Raya Penataran, Penataran, Nglegok, Blitar, Jawa Timur 66181;Kolam renang selalu menjadi favorit mengisi liburan bagi banyak orang, termasuk saya dan keluarga. Meskipun tidak setiap minggu, namun kami selalu menyempatkan waktu untuk mengajak anak-anak berenang saat tidak ada acara liburan ke luar kota. Anak-anak selalu antusias dan terlihat gembira saat berenang bersama keluarga.;kolam renang;IMG_1506050566822.jpg;kolam renang;Kolam Renang Penataran;4.2
47;-8,1237256;112,1484804;;Point;Bendowulung, Sanankulon, Blitar, Jawa Timur 66151;Kolam Renang Tirto Wulung berlokasi di Desa Bendowulung, Sanankulon, Blitar. Lokasinya yang agak masuk membuat saya dan keluarga harus bertanya kepada warga sekitar untuk menemukannya. Syukurlah dengan bantuan informasi dari warga dan papan petunjuk akhirnya kami dapat menemukan lokasinya. Cukup dengan tiket masuk Rp. 4.000,- / orang kita bisa berenang sepuasnya bersama keluarga.;kolam renang;IMG_1506052499003.jpg;kolam renang;Kolam Renang Tirto Wulung;4.2
48;-8,049661;112,3022236;;Point;Jl. Gandusari - kedunglurah, Tambakan, Gandusari, Blitar, Jawa Timur 66187;kolam renang tirto agung tambakan di desa gandusari;kolam renang;IMG_1506052914792.jpg;kolam renang;Kolam Renang Tirto Agung Tambakan;4.3
49;-7,8814396;112,6603907;;Point;Sragi, Talun, Blitar, Jawa Timur 66183;Tempat itu merupakan wisata Kolam Renang Kendedes, yang terletak di Desa Sragi RT 01 RW 01 Kecamatan Talun. Untuk memasuki kolam renang ini, kita membayar kontribusi sebesar Rp 3000. Namun apabila hari libur, tiket masuk wisata tersebut menjadi Rp 4000. Dilihat dari tampak luar, kolam renang ini terlihat cukup besar. Terdapat pula klub renang yang bernama<em>Sailfish Swimming Club.</em>;kolam renang;IMG_1506053199748.jpg;kolam renang;Kolam Renang Kendedes;4.2
50;-8,0883575;112,3462689;;Point;Unnamed Rd,, Suru, Doko, Blitar, Jawa Timur 66186;"Kolam renang umum ""Pace Ria"" terletak di Kota Blitar. Kolam renang umum ""Pace Ria"" bekerja di aktivitas Kolam renang umum.";kolam renang;IMG_1506053529874.jpg;kolam renang;"Kolam renang umum ""Pace Ria""";3.9
51;-8,1682086;112,2164235;;Point;Kalipang, Sutojayan, Blitar, Jawa Timur 66172;"Pergi ke Kolam Renang itu belum tentu harus renang. Karena pergi ke kolam renang tidak di haruskan bisa renangkan. Ouh iya sampai lupa, ini Kolam Renang yang berada di Kota Lodoyo loch. Letaknya gak jauh dari Aloon Aloon Kota Lodoyo. Tepatnya di timur Koramil. Ini dia ""Kolam Renang Dolphin""";kolam renang;IMG_1506054241561.jpg;kolam renang;Kolam Renang Dolpin;4.0
52;-8,0019454;112,1045633;;Point;Gembongan, Ponggok, Blitar, Jawa Timur 66153;"Kolam renang TERBAIK Fasilitas lengkap di Kota Blitar. Dengan lokasi yang masih sangat asri sangat nyaman untuk hiburan keluarga yang hemat dan menyenangkan.
Alamat: Barat Pasar Cangkring, Ds. Gembongan, Kec. Ponggok, Kab. Blitar.";kolam renang;IMG_1506054729723.jpg;kolam renang;Kolam Renang Tirta Kharisma;3.9
53;-8,0862507;112,0796717;;Point;Maron, Srengat, Blitar, Jawa Timur 66152;Kolam Renang Anak2 BU Anik terletak di Kota Blitar. Kolam Renang Anak2 BU Anik bekerja di aktivitas Kolam renang umum.;kolam renang;IMG_1506055312442.jpg;kolam renang;Kolam Renang Anak2 Bu Anik;3.5
54;-8,1193848;112,3402637;;Point;Popoh, Selopuro, Blitar, Jawa Timur 66184;popoh waterpark terletak di Ds.Popoh Kecamatan Selopuro. lokasi tempat ini agak masuk ke pemukiman warga sekitar desa popoh yakni jarak dari kantor desa Popoh 300 meter ke utara sampai ketemu dengan pertigaan yang menunjuk arah menuju kolam renang. selain kolam renang tempat wisata ini kedepanya juga akan di bangun tempat untuk out bound keluarga.;kolam renang;IMG_1506057310997.jpg;kolam renang;Kolam Renang Popoh (popoh waterpark);3.8
55;-8,1364777;112,3515364;;Point;Siraman, Kesamben, Blitar, Jawa Timur 66191;Kolam Renang Asri Jaya Brongkos terletak di Kota Blitar. Kolam Renang Asri Jaya Brongkos bekerja di aktivitas Kolam renang umum.;kolam renang;IMG_1506057643626.jpg;kolam renang;Kolam Renang Asri Jaya Brongkos;3.6
56;-8,1309177;112,1647929;;Point;Jl. Halmahera No.131, Klampok, Sananwetan, Kota Blitar, Jawa Timur 66136;"Kolam Renang Telaga Nirmala lebih dikenal dengan sebutan Kolam renang klampok, karena lokasinya yang berada di kelurahan Klampok, Kecamatan Sananwetan, Kota Blitar. Tepatnya berada di Jl. Halmahera, Klampok, Sananwetan, Kota Blitar, Jawa Timur 66136. Kolam renang ini buka setiap hari kecuali hari Rabu, karena setiap hari rabu, kolam renang akan dikuras. Apabila anda ingin menikmati kesegaran kolam ini, anda bisa datang pada hari Kamis pagi.
Jam buka kolam renang klampok ini antara jam 07.00 sampai dengan pukul 16.30. Khusus hari kamis, kolam renang ini sudah buka mulai pukul 05.00 pagi. Sedangkan untuk tiket masuk kolam renang di Blitar ini adalah 4 ribu rupiah per orang dan parkir roda dua 2 ribu rupiah. Sedangkan parkir kendaraan roda empat 5ribu rupiah.
Kolam renang klampok terbagi menjadi tigakolam, dimana satu kolam khusus untukanak balita, satu kolam untuk anak-anak dan kolam terbesar untuk orang dewasa. Untuk kolam dewasa, titik terdalam sekitar 150cm. Dengan harga tiket yang terjangkau, telaga nirmala ini sangat cocok untuk semua umur baik yang sedang belajar maupun yang sudah mahir.";kolam renang;IMG_1506058331467.jpg;kolam renang;Kolam Renang Klampok;4.1
57;-8,0778883;112,1967317;;Point;Jl. Ronggowarsito, Pojok, Garum, Blitar, Jawa Timur 66182;Kranggan Kolam Renang;kolam renang;IMG_1506058678891.jpg;kolam renang;Kranggan Kolam Renang;4.2
58;-8,078106;112,1961661;;Point;Pojok, Garum, Blitar, Jawa Timur 66182;Kolam Renang Taman Air Surga (Kranggan);kolam renang;IMG_1506059040051.jpg;kolam renang;Kolam Renang Taman Air Surga (Kranggan);4.3
59;-8,1210351;112,1945182;;Point;Jalan Raya Tlogo - Serut No.16, Tlogo, Kanigoro, Blitar, Jawa Timur 66171;Kolam Renang Telaga Tirta 2;kolam renang;IMG_1506059481609.jpg;kolam renang;Kolam Renang Telaga Tirta 2;4.4
60;-8,1277513;112,1740881;;Point;Jatinom, Kanigoro, Blitar, Jawa Timur;Kolam Renang Khusus Wanita Dan Anak;kolam renang;IMG_1506059817757.jpg;kolam renang;Kolam Renang Khusus Wanita Dan Anak;4.3
61;-8,0919959;112,1653971;;Point;Jl. Kalibrantas, Kepanjen Kidul, Kepanjenkidul, Kota Blitar, Jawa Timur 66116;Sumber Udel dulu dikenal sebagai salah satu kolam renang terbesar di Kota Blitar.  Beberaepa tahun belakangan kolam renang ini telah di renovasi menjadi sebuah waterpark terbesar di Blitar. Kolam renang dan waterpark sumber udel ini sangat cocok dijadikan salah satu destinasi ketika anda sedang menikmati liburan di Blitar bersama keluarga maupun anak anak.;kolam renang;IMG_1506060138968.jpg;kolam renang;Water Park Sumber Udel;4.2
62;-8,1519356;112,157759;;Point;Jl. Banteng Blorok No.157, Rejowinangun, Kademangan, Blitar, Jawa Timur 66161;Laguna Thematic Park merupakan sebuah wahana keluarga untuk berlibur dan menikmati dinginnya air di kolam renang. Tempat ini sedang dalam masa pengemabangan dan telah terdapat dua kolam renang dan permainan anak serta satu kolam renang besar untuk yang dewasa. Kedepannya akan banyak lagi permainan dan wahana baru.;kolam renang;IMG_1506060489579.jpg;kolam renang;Laguna Thematic Park;4.0
63;-8,0956578;112,1699435;;Point;Jl. Kartini No.10, Kepanjen Lor, Kepanjenkidul, Kota Blitar, Jawa Timur 66112;"Terletak di daerah Blitar yang bersejarah, Patria Palace Hotel berjarak 3 menit jalan kaki dari stasiun pusat kota. Hotel ini menyediakan layanan meja depan 24 jam dan meenawarkan sebuah restoran. Semua kamar ber-AC-nya memiliki kamar mandi pribadi. Wi-Fi gratis tersedia di seluruh area bangunan.
Tempat-tempat wisata, seperti makam mantan Presiden Indonesia Soekarno, berjarak kira-kira 15 menit naik becak dari Patria Palace. Bandara Abdul Rachman Saleh di Malang dapat dicapai dalam 2 jam berkendara dari hotel, yang menawarkan layanan penjemputan bandara dengan biaya tambahan.
Memiliki lantai ubin, masing-masing kamarnya ber-AC dan bermandikan cahaya yang hangat. Kamar dilengkapi dengan minibar, kulkas, dan TV dengan saluran satelit. Fasilitas shower, handuk, dan peralatan mandi gratis terdapat di dalam kamar mandi.
Patria Palace Hotel memiliki sebuah kafe, lounge, dan ruang rapat. Layanan lain yang ditawarkan oleh hotel ini termasuk menyetrika, binatu, dan layanan kamar. Selain ruang parkir gratis, hotel juga menawarkan sebuah taman yang indah.";hotel;IMG_1506061128563.jpg;hotel;Patria Plaza Hotel;4.2
64;-8,090324;112,158735;;Point;Jalan Batanghari, Dimoro, Sukorejo, Kota Blitar, Jawa Timur 66121;"Patria Garden Hotel terletak di Blitar, 5 menit berkendara dari Sumber Udel Water Park. Dikelilingi oleh taman, hotel ini menawarkan sebuah restoran dan kamar-kamar ber-AC dengan kamar mandi pribadi. Tersedia meja depan 24 jam dan Wi-Fi gratis.
Pemakaman Mantan Presiden Soekarno berjarak 10 menit berkendara dari Patria Garden Hotel. Bandara Abdul Rachman Saleh Malang dapat dicapai dalam 2 jam berkendara dari hotel. Antar-jemput bandara dapat disediakan dengan biaya tambahan.
Kamar-kamarnya yang berperabotan simpel dilengkapi dengan lemari dan TV dengan saluran satelit. Fasilitas shower dan perlengkapan mandi gratis disediakan di kamar mandi dalamnya.
Memiliki kafe dan taman bermain anak-anak, Patria Garden Hotel menawarkan penyewaan mobil dan layanan binatu dengan biaya tambahan. Anda dapat membaca koran atau menitipkan bagasi di lobi. Tempat parkir gratis tersedia di hotel ini.";hotel;IMG_1506061473532.jpg;hotel;Patria Garden Hotel;4.2
65;-8,1005545;112,1641105;;Point;Jalan Mastrip No.56, Kepanjenkidul, Kepanjen Kidul, Kepanjenkidul, Kota Blitar, Jawa Timur 66111;"Terletak di daerah Blitar yang bersejarah, Patria Palace Hotel berjarak 3 menit jalan kaki dari stasiun pusat kota. Hotel ini menyediakan layanan meja depan 24 jam dan meenawarkan sebuah restoran. Semua kamar ber-AC-nya memiliki kamar mandi pribadi. Wi-Fi gratis tersedia di seluruh area bangunan.
Tempat-tempat wisata, seperti makam mantan Presiden Indonesia Soekarno, berjarak kira-kira 15 menit naik becak dari Patria Palace. Bandara Abdul Rachman Saleh di Malang dapat dicapai dalam 2 jam berkendara dari hotel, yang menawarkan layanan penjemputan bandara dengan biaya tambahan.
Memiliki lantai ubin, masing-masing kamarnya ber-AC dan bermandikan cahaya yang hangat. Kamar dilengkapi dengan minibar, kulkas, dan TV dengan saluran satelit. Fasilitas shower, handuk, dan peralatan mandi gratis terdapat di dalam kamar mandi.";hotel;IMG_1506061748761.jpg;hotel;Patria Palace Hotel;4.2
66;-8,099001;112,1617038;;Point;Jalan Merdeka No.173, Kepanjen Kidul, Kepanjenkidul, Kepanjen Kidul, Kepanjenkidul, Kota Blitar, Jawa Timur 66117;"Hotel Tugu Blitar, yang belum pernah terjadi sebelumnya, hotel dan restoran terbaik di Blitar, Jawa Timur, bertempat di sebuah bangunan kolonial yang dibangun pada tahun 1850-an, dan sebelumnya dimiliki oleh keluarga Blitar yang terkenal. Setelah Perang Dunia kedua, hotel itu disebut Hotel Centrum Beberapa tahun setelah namanya diubah menjadi Hotel Sri Lestari - dan kemudian menjadi Tugu - Sri Lestari.
Sebagai hotel tertua di Indonesia, bangunan hotel ini tampil sebagai rumah indah orang Jawa Timur dari zaman penjajahan Belanda, dengan pilar berpelindung putih raksasa, perabotan dari akhir abad 19 dan awal abad ke-20, foto-foto nostalgia dan lampu gantung yang elegan. Bangunan itu direnovasi dengan hati-hati sampai setiap detailnya pada awal abad ini, untuk melestarikan karakter artistik, karismatik, dan historisnya namun memadukannya dengan kemewahan modern.";hotel;IMG_1506062156537.jpg;hotel;Hotel Tugu Blitar;4.5
67;-8,103057;112,161118;;Point;Jl. Melati No. 90, Blitar jawatimur 66117;Terletak di kawasan pusat kota Blitar, menyediakan akomodasi yang nyaman bagi pengusaha dan keluarga. GRAND MANSION Hotel adalah tempat yang representative untuk menunjang istirahat serta kegiatan anda seperti seminar, wedding party, birthday party dll, di dukung dengan berbagai fasilitas dan sarana hiburan yang senantiasa akan menemani anda. Temukan fasilitas dan pelayanan utama yang kami kemas dalam berbagai paket.<br />GRAND MANSION Hotel memiliki 90 kamar yang terdiri dari 32 KEMUNING (STANDARD), 25 MAWAR (SUPERIOR), 15 FLAMBOYAN (with garage), 6 BOUGENVILLE (with garage), 10 MELATI DELUXE, 1 MANSION SUITE dan 1 PRESIDENT SUITE.Kami juga menyediakan one stop entertainment yang akan menunjang liburan serta aktifitas lain Anda seperti Family Karaoke, Cafe, Live Music, Electone Permofamance, Resto dengan dengan aneka menu pilihan dengan cita rasa tinggi.;hotel;IMG_1506062642910.jpg;hotel;Grand Mansion Hotel Blitar;4.0
68;-8,1001339;112,1770084;;Point;Jalan Jendral A. Yani No 62, Sananwetan, Kota Blitar, Jawa Timur 66131;Tarif menginap di Hotel Blitar Indah per malamnya berkisar mulai dari Rp 70 ribu. Beberapa orang yang pernah menginap di Hotel Blitar Indah mengungkapkan jika penginapan low budget satu ini memiliki pelayanan dan kebersihan kamar yang cukup baik, sesuai dengan tarifnya.;hotel;IMG_1506062955559.jpg;hotel;Hotel Blitar Indah;3.9
69;-8,1279697;112,1524207;;Point;Jalan Cemara no.555,557,559, Plosoarang, Sanankulon, Blitar, Jawa Timur 66125;Hotel Gita Puri Blitar Hotel Murah Di Blitar. Hotel Gita Puri merupakan salah satu Daftar Hotel Murah Di Blitar. Hotel Ini Berada di Jalan Letjen Suprapto 97-99, Blitar dengan nomor telpon (0342) 812886. Halaman Hotel Gita Puri Blitar ini berisi informasi seputar Hotel Gita Puri Blitar seperti Alamat Hotel, No Tlp, Peta Lokasi Hotel Gita Puri, serta Harga/Tarif Hotel Gita Puri Blitar.;hotel. resto, meting room,sport area,garden;IMG_1516156471640.png;hotel;Hotel Gita Puri;3.8
70;-8,0908744;112,1829954;;Point;Jl. S. Supriadi No.107, Bendogerit, Sananwetan, Kota Blitar, Jawa Timur 66133;Hotel Ini Berada di Jalan Jaksa Agung Suprapto 49, Blitar dengan nomor telpon (0342) 806324. Halaman Hotel Herlingga Jaya Blitar ini berisi informasi seputar Hotel Herlingga Jaya Blitar seperti Alamat Hotel, No Tlp, Peta Lokasi Hotel Herlingga Jaya, serta Harga/Tarif Hotel Herlingga Jaya Blita;hotel,resto, waterpool;IMG_1516155915350.png;hotel;Hotel Herlingga Jaya;3.8
71;-8,0898545;112,1729616;;Point;Jl. Dr. Moh. Hatta No.3, Sentul, Kepanjenkidul, Kota Blitar, Jawa Timur 66113;Hotel Maerokoco BlitarHotel Murah Di Blitar. Hotel Maerokoco merupakan salah satu Daftar Hotel Murah Di Blitar. Hotel Ini Berada di Jalan Dr. Moh. Hatta no. 3 Blitar dengan nomor telpon (0342) 801427. Halaman Hotel Maerokoco Blitar ini berisi informasi seputar Hotel Maerokoco Blitar seperti Alamat Hotel, No Tlp, Peta Lokasi Hotel Maerokoco, serta Harga/Tarif Hotel Maerokoco Blitar.;hotel;IMG_1506066056361.jpg;hotel;Hotel Maerokoco;4.1
72;-8,0730019;112,3177268;;Point;Jl. Dokter Sucipto No.43, Beru, Wlingi, Blitar, Jawa Timur 66184;Hotel Maya BlitarHotel Murah Di Blitar. Hotel Maya merupakan salah satu Daftar Hotel Murah Di Blitar. Hotel Ini Berada di Jalan Dr Sucipto 43 Wlingi, Blitar 66184 dengan nomor telpon (0342) 691461. Halaman Hotel Maya Blitar ini berisi informasi seputar Hotel Maya Blitar seperti Alamat Hotel, No Tlp, Peta Lokasi Hotel Maya, serta Harga/Tarif Hotel Maya Blitar.;hotel;IMG_1516155295860.png;hotel;Hotel Maya;3.1
73;-8,0945703;112,1650817;;Point;Jl. Anjasmoro No.78, Kepanjen Lor, Kepanjenkidul, Kota Blitar, Jawa Timur 66117;"Hotel Puri Perdana BlitarHotel Murah Di Blitar. Hotel Puri Perdana merupakan salah satu<a href=""https://aengaeng.com/daftar-hotel-murah-di-blitar/"">Daftar Hotel Murah Di Blitar. Hotel Ini Berada di Jalan Anjasmoro 78, Blitar dengan nomor telpon (0342) 815674. Halaman Hotel Puri Perdana Blitar ini berisi informasi seputar Hotel Puri Perdana Blitar seperti Alamat Hotel, No Tlp, Peta Lokasi Hotel Puri Perdana, serta Harga/Tarif Hotel Puri Perdana Blitar.";hotel, cafe & resto, karaoke family, meting room;IMG_1516154802131.jpg;hotel;Hotel Puri Perdana;4.2
74;-8,0986751;112,1555353;;Point;Jl. Menur, Sukorejo, Kota Blitar, Jawa Timur 66121;Hotel Santoso I BlitarHotel Murah Di Blitar. Hotel Santoso I merupakan salah satu Daftar Hotel Murah Di Blitar. Hotel Ini Berada di Jalan Menur 1-2, Blitar dengan nomor telpon (0342) 802033. Halaman Hotel Santoso I Blitar ini berisi informasi seputar Hotel Santoso I Blitar seperti Alamat Hotel, No Tlp, Peta Lokasi Hotel Santoso I, serta Harga/Tarif Hotel Santoso I Blitar.;hotel;IMG_1516154478793.jpg;hotel;Hotel Santoso;3.4
75;-8,0867233;112,1736476;;Point;Jl. Ir. Soekarno No. 77, Sentul, Kepanjenkidul, Sentul, Kepanjenkidul, Kota Blitar, Jawa Timur 66113;Hotel Sapta Mandala BlitarHotel Murah Di Blitar. Hotel Sapta Mandala merupakan salah satu Daftar Hotel Murah Di Blitar. Hotel Ini Berada di Jalan Slamet Riyadi 31, Blitar dengan nomor telpon (0342) 804593. Halaman Hotel Sapta Mandala Blitar ini berisi informasi seputar Hotel Sapta Mandala Blitar seperti Alamat Hotel, No Tlp, Peta Lokasi Hotel Sapta Mandala, serta Harga/Tarif Hotel Sapta Mandala Blitar.;hotel;IMG_1516154160193.jpg;hotel;Hotel Sapta Mandala;3.9
76;-8,1010358;112,1710696;;Point;Jl. TGP, Kepanjen Kidul, Kepanjenkidul, Kota Blitar, Jawa Timur 66117;Hotel Sri Rejeki BlitarHotel Murah Di Blitar. Hotel Sri Rejeki merupakan salah satu Daftar Hotel Murah Di Blitar. Hotel Ini Berada di Jalan TGP 13-15, Blitar dengan nomor telpon (0342) 801770. Halaman Hotel Sri Rejeki Blitar ini berisi informasi seputar Hotel Sri Rejeki Blitar seperti Alamat Hotel, No Tlp, Peta Lokasi Hotel Sri Rejeki, serta Harga/Tarif Hotel Sri Rejeki Blitar.;hotel;IMG_1516153612545.jpg;hotel;Hotel Sri Rejeki;3.6
77;-8,099001;112,1617038;;Point;Jalan Merdeka No.173, Blitar, Indonesia, 66111;Hotel Tugu Sri Lestari BlitarHotel Murah Di Blitar. Hotel Tugu Sri Lestari merupakan salah satu Daftar Hotel Murah Di Blitar. Hotel Ini Berada di Jalan Merdeka No 173, Blitar dengan nomor telpon (0342) 801766. Halaman Hotel Tugu Sri Lestari Blitar ini berisi informasi seputar Hotel Tugu Sri Lestari Blitar seperti Alamat Hotel, No Tlp, Peta Lokasi Hotel Tugu Sri Lestari, serta Harga/Tarif Hotel Tugu Sri Lestari Blitar.;hotel;IMG_1506072320419.jpg;hotel;Hotel Tugu Sri Lestari;4.5
78;-8,3240264;112,1938044;;Point;Ngadipuro, Wonotirto, Blitar, Jawa Timur 66173;Pantai Keben adalah salah satu pantai terindah dari sekian banyak pantai yang dimiliki desa ini. Sayang sekali keindahan Pantai Keben belum bisa secara instan untuk dinikmati. Akses yang sangat sulit merupakan momok utama bagi siapa pun yang ingin menikmati keindahannya. Untuk menuju lokasi pantai Keben. Rute yang harus tempuh adalah Lodoyo, terus ke Selatan melewati hutan jati sampai ke pasar Ngeni.;pantai;IMG_1506076041170.jpg;pantai;pantai keben;4.5
79;-8,3173354;112,0722337;;Point;Bululawang, Bakung, Blitar, Jawa Timur 66163;Terletak di pesisir selatan membuat Blitar memiliki banyak pantai yang bisa dikunjungi. Sampai saat ini, setidaknya ada empat pantai yang sudah resmi ditetapkan sebagai tempat wisata. Keempat pantai tersebut antara lain adalah pantai tambak rejo, pantai serang, pantai pangidan pantai jolosutro. Pada kesempatan ini, mblitar.net ingin berbagi salah satu pantai yang cukup menarik dikunjungi meski belum resmi menjadi tempat wisata. Yaitu pantai pasur.;pantai;IMG_1506077341742.jpg;pantai;pantai pasur;4.2
80;-8,3153472;112,1220794;;Point;Tumpakkepuh, Bakung, Blitar, Jawa Timur 66163;Pantai Gayasan terletak di Desa Tumpak kepuh, Kecamatan Bakung, Kabupaten Blitar. Pantai Gayasan terletak diantara pantai Tambakrejo dan pantai Pangi. Pantai ini menawarkan pesona pasir putih dan pemandangan alamnya yang indah sehingga cocok untuk dijadikan salah satu tujuan destinasi wisatawan yang ingin menambah agenda plesir untuk mengisi hari libur bersama keluarga. Letak pantai Gayasan tepatnya dibelakang &ldquoalas&rdquo gayasan atau hutan gayasan. Itulah sebabnya mengapa pantai ini dinamakan pantai Gayasan oleh masyarakat setempat karena letaknya yang berada di belakang hutan Gayasan yang sekarang ini oleh masyarakat ditanamani tebu, jadi pantai Gayasan nyaris tidak terlihat, hanya deruan ombaknya yang sesekali terdengar sampai tiga kilometer dari bibir pantai.;pantai;IMG_1506077737214.jpg;pantai;pantai gayasan;4.1
81;-8,3249941;112,2031234;;Point;Ngadipuro, Wonotirto, Blitar, Jawa Timur 66173;"Laut di Pantai Pudak masih sangat biru dan jernih, dan pantainya pun masih sepi pengunjung. Pasir berwarna pucat kecokelatan begitu lembut membenamkan kaki, ketika ombak kecil nan sejuk membasahi kulit yang kepanasan.
Dari kejauhan, kamu akan melihat pulau-pulau kecil yang tersebar di tengah lautan luas, serta tebing tebing karang eksotik yang menjadi pagar kekar dan membatasi bibir pantai dengan laut lepas. Semilir angin dan aroma laut yang khas membuat Pantai Pudak sempurna sebagai tempat pelarian untuk menenangkan pikiran sejenak.";pantai;IMG_1506077982320.jpg;pantai;Pantai Pudak;4.5
82;-8,3238592;112,1834621;;Point;Ngadipuro, Wonotirto, Blitar, Jawa Timur 66173;Desa Ngadipuro memang terkenal dengan pantainya yang indah, salah satunya adalah Pantai Jebring. Pantai yang terletak di Blitar selatan ini memiliki keunikan sendiri, karena pasir yang ada di kawasan ini berwarna hitam lantaran terdapat bijih besi yang beberapa waktu lalu sempat menjadi tambang biji besi namun kini sudah tidak ada. Dengan adanya tambang yang sesaat ini perlu di syukuri, karena tambang tersebut telah membuatkan jalan sehingga kendaraan roda dua bisa sampai di lokasi dengan lebih mudah. Pantai Jebring yang Berpasir Hitam Pantai yang cukup luas dan berpasir hitam ini, sampai saat ini belum menjadi obyek wisata di Blitar. Oleh karena itu apabila mau ke pantai jebring ini anda harus membawa bekal sendiri, karena tidak ada yang menjual apapun di pantai ini. Jarak dari pemukiman penduduk juga lumayan jauh. Selain itu pastikan kendaraan anda benar-benar dalam kondisi yang baik, jalanan yang dilewati untuk menuju pantai di Blitar selatan ini cukup sulit, karena jalan bebatuan dan sesekali jalan tanah yang akan becek setelah hujan turun akan mempersulit perjalanan anda.;pantai;IMG_1506078102524.jpg;pantai;Pantai Jebring;4.3
83;-8,3249147;112,1669917;;Point;Gn. Gede, Wonotirto, Blitar, Jawa Timur 66173;Pantai Banteng Mati terletak tak jauh dari Pantai TambakrejoBlitar. Dari pertigaan Masjid Tambakrejo belok ke kiri mengikuti arah ke Pantai Pasir Putih (Pasetran Gondo Mayit). Selanjutnya dari Pantai Pasir Putih terus saja hingga memasuki Desa Sidorejo. Ya, Pantai Banteng Mati secara administratif masuk dalam wilayah Desa Sidorejo, Kec. Wonotirto, Kab. Blitar.;pantai;IMG_1506078248345.jpg;pantai;Pantai Banteng Mati;4.6
84;-8,3386547;112,2739555;;Point;dsn.panggung pucung ds.kaligambir kec.panggung rejo, Tulungrejo, Wates, Blitar, Jawa Timur;Pantai yang terletak di wilayah pesisir selatan kabupaten Blitar tepatnya di desa Panggungpucung lebih populer dikenal dengan sebutan Pantai bukit indah karena memang pantainya yang berada di atas bukit sedangkan kata indah berasal dari panorama di sekitar pantai yang memang sangat indah. Ada juga yang menyebutnya dengan Pantai Banyu Biru. Salah satu spot yang sangat memukau adalah air terjun yang berada di sebelah pantai. Dengan air yang mengucur dari atas dan terkena sinar matahari membuat air yang turun terlihat berkilauan.;pantai;IMG_1506125886108.jpg;pantai;Pantai Bukit Indah;4.4
85;-8,3249974;112,2003094;;Point;pantai ngablak, Blitar, Jawa Timur;pantai ngablak merupakan pantai yang menarik minat para traveller karena pemandangan yang sangat indah;pantai;IMG_1506301889169.jpg;pantai;Pantai Ngablak;4.1
86;-8,31818;112,1364366;;Point;Tambakrejo, Wonotirto, Blitar, Jawa Timur 66173;"Pantai gemuling memang pilihan yang tepat meski gak sengaja berencana ke pantai ini. Sebelumnya kami merencanakan bakal trip ke banteng mati tapi penduduk sekitar berpesan bahwa jalannya sulit dilalui karena hujan. Ending cerita kami trip di pantai gemuling yang terletak di pesisir barat tambak rejo. Kalo dirunut menurut geografisnya berada diDesa Tambakrejo, Kec. Wonotirto, Blitar Selatan.
Karakter pantai ini byuh bersih men sangat jernih saking bersihnya pantai gondo mayit dan tambak rejo yang berada disebelah timur lewat. Sayangnya bau pantai ini agak amis mungkin karena banyak ikan kali ya. Selain itu banyak karang dan terdapat goa gemuling didekat pantai. Disisi timur pantai pasirnya begitu halus dan dipisah oleh aliran sungai antara dermaga dan pantai gemuling.



";pantai;IMG_1506302118401.jpg;pantai;Pantai Sumur Gemuling;4.3
87;-7,851305;112,029622;;Point;Jl. Kalimantan No. 11A, Sananwetan, Kota Blitar, Jawa Timur 66137;Tempat wisata kuliner blitar yang selanjutnya akan kita bahas adalah sebuah tempat wisata kuliner yang di namakan Ayam Bakar Bu Mamik oleh pemiliknya. Tempat makan yang satu ini sangat populer di kalangan para pencinta kuliner yang ada di Blitar. Beberapa menu makanan andalan yang bisa anda cicipi di tempat Ayam Bakar Bu Mamik ini seperti misalkan saja Ayam Bakar khas Ayam Bakar Bu Mamik, Sup Buntut dan Gurame Bakar Madu.;kuliner;IMG_1506302829827.jpg;kuliner;Ayam Bakar Bu Mamik;4.5
88;-8,1405757;112,1767895;;Point;Desa Jatinom RT 03 / RW 03, Kec. Kanigoro, Jatinom, Kanigoro, Blitar, Jawa Timur 66171;Tempat wisata kuliner blitar yang selanjutnya adalah sebuah tempat makan paling enak di Kota Blitar dan tempat ini bernama Warung Mak Ti. Sebuah tempat yang mengusung konsep prasmanan membuat para pengunjungnya tanpa segan memilih makanan sesuai dengan selera di Warung Mak Ti ini. Di tempat wisata kuliner blitar Warung Mak Ti ini anda bisa mengambil sayuran, lauk pauk dan nasi sesuai dengan keinginan anda.;kuliner;IMG_1506303058301.jpg;kuliner;Warung Mak Ti;4.3
89;-8,0256625;112,1850616;;Point;Jalan Mastrip No 5, Desa Ngoran, Kecamatan Nglegok, Ngoran, Nglegok, Blitar, Jawa Timur 66181;Tempat wisata kuliner blitar yang selanjutnya adalah sebuah tempat yang bernama Warung Tewel Mbah Martumi yang tentu saja nama tersebut di ambil dari nama pendirinya. Warung Tewel Mbah Martumi ini sesuai dengan namanya menyajikan sayur tewel dengan cita rasa yang sangat khas dan bisa menggoyang lidah anda. Jika ingin lidah anda merasa kepedasan rasanya sangat cocok apabila anda datang ke Warung Tewel Mbah Martumi ini.;kuliner;IMG_1506303275317.jpg;kuliner;Warung Tewel Mbah Martumi;4.1
90;-8,1024277;112,159446;;Point;Jl. Doktor Wahidin No. 14A, Kepanjenlor, Kepanjenkidul, Kepanjen Lor, Kepanjenkidul, Kota Blitar, Jawa Timur 66117;Tempat wisata kuliner blitar yang berikutnya adalah sebuah tempat wisata kuliner bernama Es Mini yang tentu saja sudah sangat populer di Kota Blitar. Banyak sekali jenis varian es yang bisa anda dapatkan di tempat bernama Es Mini. Beberapa es yang ada di antaranya adalah es rumput laut, es kopyor, es aneka jus, es gula asem dan tentu saja masih sangat banyak jenis es yang bisa menyagarkan tenggorokan anda di tempat ini.;kuliner;IMG_1506303454364.jpg;kuliner;Es Mini;4.4
91;-8,0976965;112,16757;;Point;Jalan Kelud deket perempatan, Kepanjen Lor, Kepanjenkidul, Kota Blitar, Jawa Timur 66117;Tempat wisata kuliner blitar yang berikutnya akan kita bahas adalah sebuah tempat makan yang bernama Soto Daging Bok Ireng Blitar. Tempat yang satu ini ternyata banyak yang memfavoritkan, hal ini di karenakan tempat Soto Daging Bok Ireng Blitar ini menyajikan soto dengan menu yang sangat spesial. Di buka mulai jam 8 pagi, tempat bernama Soto Daging Bok Ireng Blitar ini di tutup hingga jam 2 siang.;kuliner;IMG_1506303713703.jpg;kuliner;Soto Daging Bok Ireng Blitar;4.4
92;-8,0837807;112,176474;;Point;Jalan Ir. Soekarno No.93, Sentul, Kepanjenkidul, Kota Blitar, Jawa Timur 66113;Tempat wisata kuliner blitar yang berikutnya adalah sebuah tempat wisata kuliner yang bernama Warung Pecel Mbok Bari 6. Tempat makan yang satu ini menyajikan menu pecel nikmat yang tentu sudah banyak orang yang mengakuinya. Ternyata Warung Pecel Mbok Bari 6 ini tidak hanya orang blitar saja yang menikmati sajian pecel di Warung Pecel Mbok Bari 6 akan tetapi banyak wisatawan asing yang menikmati pecel di tempat ini.;kuliner;IMG_1506303935093.jpg;kuliner;Warung Pecel Mbok Bari 6;4.3
93;-8,0644687;112,3300053;;Point;Jl. Semeru No.24, Babadan, Wlingi, Blitar, Jawa Timur 66184;Tempat wisata kuliner blitar yang selanjutnya akan kita bahas adalah sebuah tempat wisata kuliner yang bernama Ikan Uceng di Warung Barokah Pak Sabar. Tempat yang satu ini banyak menyajikan menu makanan seperti misalkan saja Ayam Penyet, Kare Ayam, Sayur Uceng, Lele, Ayam Panggang, Lele Penyet, Nasi Campur dan masih banyak lagi jenis makanan yang di sajikan di Ikan Uceng di Warung Barokah Pak Sabar ini.;kuliner;IMG_1506304086897.jpg;kuliner;Ikan Uceng di Warung Barokah Pak Sabar;4.3
94;-8,0906273;112,1697802;;Point;Jl. Dr. Wahidin No.91, Sentul, Kepanjenkidul, Kota Blitar, Jawa Timur 66113;Tempat wisata kuliner blitar yang berikutnya adalah sebuah tempat wisata kuliner yang di namakan Lesehan President Resto. Tempat wisata kuliner yang satu ini menyajikan berbagai masakan lezat seperti misalkan saja Ayam Masak Pedas, Ayam Rica-Rica, Ayam Mentega, Gurame Bakar, Ayam Asam Manis, Mie Goreng, Cap Cay Kuah dan beberapa menu sajian enak yang bisa menggoyang lidah anda bersama dengan keluarga.;kuliner;IMG_1506304313215.jpg;kuliner;Lesehan President Resto;4.3
95;-8,0797638;112,1712262;;Point;Jl. Ciliwung, Tanggung, Kepanjenkidul, Kota Blitar, Jawa Timur 66115;Menu baru yang kekinian! Yuk ajakin keluarga, teman2, makan disini, asiknya ramerame. pass pedas kuliner merupakan tempat yang biasa digunakan untuk nongkrong bersama-sama , dengan porsi makanan yang cukup besar.;kuliner;IMG_1506305145780.jpg;kuliner;Pass pedas Kuliner;4.1
96;-8,0941632;112,1679229;;Point;Jl. Kelud, Kepanjen Lor, Kepanjenkidul, Kota Blitar, Jawa Timur 66117;"Griya Kuliner bisa menjadi referensi utama bagi anda para pecinta kuliner internasional yang tengah berkunjung ke Kota Blitar.
Terletak di deretan ruko Jln. Wahidin yang berada di lokasi strategis di pusat Kota Blitar, Restoran yang mengusung konsep &lsquoThai and Chinese Food&rsquo modern ini layak dijadikan tujuan wisata kuliner dengan sensasi asam manis dan pedas ala Thailand dipadukan dengan menu Chinese Food modifikasi.";kuliner;IMG_1506305666436.jpg;kuliner;Griya Kuliner;4.5
97;-8,0966048;112,1716104;;Point;Jalan Jendral Sudirman Kota Blitar (Depan Polres Blitar) No. 14/11 Blitar., RT.03 RW.01, Kepanjen Lor, Kepanjenkidul, Kota Blitar, Jawa Timur 66117;Ketika mendengar kata sate, tentu dalam benak kita yang terlintas adalah makanan dari daging ayam atau kambing yang penyajiannya dengan cara ditusuk dan dibakar. Selain itu, banyak pula yang memikirkan kadar kolesterol tinggi untuk sate kambing.;kuliner;IMG_1506305956697.jpg;kuliner;Wisata Kuliner Sate Tahu Langgeng;4.4
98;-8,08411;112,176081;;Point;Jl. Ir. Soekarno, Sentul, Kepanjenkidul, Kota Blitar, Jawa Timur 66113;Kaos Blitar merupakan tempat penjualan grosiran kaos khas blitar;oleh-oleh;IMG_1506310405249.jpg;oleh-oleh;Kaos Blitar;4.5
99;-8,06153;112,06273;;Point;Jl. Raya Mastrip, Srengat, Blitar, Jawa Timur 66152;"Pergi liburan merupakan salah satu hiburan yang sangat patut untuk di lakukan agar bisa membuat diri anda bisa segar dan mood pun bisa kembali baik. Untuk melakukan liburan sebelum berangkat pasti ada saudara taupun kerabat kita yang ingin di belikan oleh-oleh khas daerah atau tempat yang akan anda kunjungi. oleh-oleh tersebut tentunya suatu hal yang unik dan merupakan ciri khas daerah yang akan anda kunjungi.
Jika ingin mencoba suatu hal yang unik dan sudah menjadi ciri khas daerah yang akan di jadikan oleh-oleh, di Indonesia sendri memiliki banyak sekali daerah-derah yang memiliki keunikan dan ciri khas dari daerah tersebut. salah satu daerah yang memiliki keunikan dan ciri khas mulai dari makanan, souvenir dan juga kerajinan tangan yang unik dan patut untuk di jadikan oleh-oleh yaitu di Blitar provinsi Jawa Timur.";oleh-oleh;IMG_1506310974427.jpg;oleh-oleh;Pusat Oleh-Oleh Khas Blitar;4.4
100;-8,1473297;112,1575739;;Point;Jl. Masjid No.44, Rejowinangun, Kademangan, Blitar, Jawa Timur 66161;Blitar adalah kota proklamasi, karena di sanalah Bapak Proklamator Republik Indonesia dilahirkan dan bersemayam. Sebagai identitas Indonesia yang memiliki banyak aneka ragam kekayaan bangsa, Blitar menyimpan banyak akan kekayaan wisata kulinernya.;oleh-oleh;IMG_1506311298333.jpg;oleh-oleh;cita rasa oleh-oleh khas blitar;5.0
101;-8,0931142;112,178264;;Point;Jl. Sudanco Supriyadi No.27, Bendogerit, Sananwetan, Kota Blitar, Jawa Timur 66133;cakron souvenir merupakan tempat menjual barang seperti dakrondengan kualitas terbaik, serta membuat seperti gantungan , bantal, dll;oleh-oleh;IMG_1506312061574.jpg;oleh-oleh;Cakron Souvenir;4.6
102;-8,1087511;112,1671318;;Point;Jl. Veteran No.201, Plosokerep, Kec. Sananwetan, Kota Blitar, Jawa Timur 66134;ada tempat namanya pusat oleh-oleh khas blitar. AMANAH yang menjual sagon, opak gambir,koyah kacang ijo, sambel pecel, peyel wajik kletik ,dll;oleh-oleh;IMG_1506312416647.jpg;oleh-oleh;Pusat Oleh-oleh Amanah;4.4
103;-8,1066049;112,1697664;;Point;Jl. Timor No.68, Sananwetan, Kota Blitar, Jawa Timur 66137;batik khas blitar terletak di sananwetan kota blitar;oleh-oleh;IMG_1506312771507.jpg;oleh-oleh;Batik Khas Blitar - Santo;3.7
104;-8,0967054;112,1417856;;Point;Jl. Tj. No.24, Pakunden, Sukorejo, Kota Blitar, Jawa Timur 67122;secara kualitas dan mutu, kain batikyang dihasilkan oleh masyarakat Blitar secara keseluruhan tidak kalah bagus dengan batik tulis dari daerah lain. Batik Blitar sendiri umumnya memiliki kekhasan corak tersendiri yang berbeda satu-sama lain, baik dari segi motif, ragam hias, dan juga warnanya yang disesuaikan dengansumber daya alam dan lingkungan yang ada di daerah tersebut.;oleh-oleh;IMG_1506313775957.jpg;oleh-oleh;Batik Khas Blitar Elysabeth;4.8
105;-8,1006292;112,1645408;;Point;Jl. Kenanga, Kepanjen Kidul, Kepanjenkidul, Kota Blitar, Jawa Timur 66117;Resep Es Pleret Khas Kota Blitar Paling Segar&ndash Es Pleret adalah sebuah minuman dingin yang sangat menyegarkan ketika anda sedang dalam suasana panas, atau saat lelah. Minuman ini pasti sudah tau asalnya, karena memang minuman ini sangat terkenal sekali dibeberapa daerah yang memang sangat dekat dengan kota blitar ini. Pembuatan es blitar ini sebenarnya karena banyak sekali permintaan orang untuk menyajikan resep minuman yang sangat dan paling segar, oleh karena itu dibuatlah resep es pleret yang sangat segar dan nikmat;oleh-oleh;IMG_1506313918656.jpg;oleh-oleh;Es Pleret Khas Blitar;4.1
106;-8,091804;112,16257;;Point;Jangan sungai hulu timur no 3 kelurahan kauman  kec kepanjen kidul kota blitar;Nasionalism adalah pusat oleh oleh khas blita. Galeri yang menyediakan kaos kahs blitar, jajanan dan kerajinan asli kota proklamator;Toilet, wifi, diskon;IMG_1526753938398.jpeg;oleh-oleh;Nasionalism;3.8
107;-8,0486491;112,0882628;;Point;Ds.kawedusan Kec.Ponggok;Wisata Lengkeh Gunung Pegat secara administratif masuk dalam wilayah Desa Kawedusan, Kec. Ponggok, Kab. Blitar. Obyek wisata ini dikenal pula sebagai tandem paralayang karena sering digunakan para pecinta olahraga paralayang Blitar untuk lepas landas. Pintu masuk wisata Gunung Pegat ini berada pada lembah diantara Gunung Pegat timur dan Gunung Pegat barat yang lazim disebut Lengkeh oleh warga setempat. Dahulu kawasan Lengkeh ini kental dengan mitos bahwa pasangan suami istri baru yang melintasinya akan bercerai atau dalam bahasa jawa disebut pegatan;gazebo, paralayang ,foto area, food court;IMG_1516324540583.jpg;wisata alam;Bukit Lengkeh Gunung Pegat;4.4
108;-8,1648065;112,1288674;;Point;Ds. Dawuhan Kec. Kademangan;Bukit bunda adalah salah satu tempat baru yang potensial untuk di kunjungi oleh para wisatawan. tempat ini mempunyai pemandangan khas bukit kapur Blitar selatan, selain itu tempat ini mempunyai beberapa area yang bisa di gunakan wisatawan untuk berkegiatan outbond, bersantai bersama keluarga, dan menjelah perbukitan menggunakan mobil 4x4 yg di sediakan.;cafe,outbond,resto;IMG_1516461210218.jpg;wisata alam;Bukit Bunda;3.8
109;-8,1695015;112,1495627;;Point;Ds. sumberjati Kec. Kademangan;"Bukit Bonsai Watu Lawang dikenal dengan banyak nama, ada yang menyebutnya Tumpakwaru dan ada pula yang menyebutnya Bukit Suharto. Penyebutannya sebagai Bukit Suharo tak lepas dari peristiwa bersejarah, yakni peresmian Moumen KNPI oleh Presiden Suharto pada tahun 1989. Pada bukit ini pernah dibangun bangunan-bangunan megah untuk Presiden Suharto. Setelah bergulirnya waktu bukit ini sempat terbengkalai.Bukit Suharto kembali bergeliat dengan nama barunya Bukit Bonsai Watu Lawang. Bukit yang mulanya gersang, kini dikembangkan menjadi salah satu destinasi wisata. Sejumlah photo booth unik kini menghiasi sudut-sudut bukit. Mulai dari yang berbentuk perahu hingga bulan sabit, dan masih banyak bentuk-bentuk unik lainnya. Sejumlah fasilitas pendukung seperti kantin dan toilet juga tampak melengkapi kawasan ini. Bukit Watu Lawang diresmikan pada 3 Desember 2017. Bukit ini terletak di Desa Sumberjati, Kademangan, Kab. Blitar. Bukit ini terletak tak sebegitu jauh dari<a href=""https://travellersblitar.com/candi-simping-blitar/"">Candi Simping. Rute menuju Watu Lawang adalah sebagai berikut: Blitar &ndash Kademangan &ndash Ikuti arah<a href=""https://travellersblitar.com/pantai-tambakrejo-blitar-bukan-sekedar-panorama-alam/"">Pantai Tambakrejo&ndash Sampai pertigaan SPBU Sumberjati belok kiri &ndash pertigaan di timur Candi Simping belok kanan &ndash ikuti jalanan menanjak, Watu Lawang terletak di kiri jalan";Bonsai area,foto area, food court;IMG_1516461572058.jpg;wisata alam;Bukit Bonsai Watu Lawang;4.1
110;-7,9588812;112,2401717;;Point;Ds. Sumberasri, Kec. Nglegok;Gardu Pandang Sumberasri terletak di atas sebuah bukit di sekitar Perkebunan Gambar, tepatnya di sisi barat Gunung Kelud. Gardu Pandang ini secara administratif berada di dalam wilayah Desa Sumberasri, Kec. Nglegok, Kab. Blitar. Berjarak sekitar 21 km dari Kota Blitar. Rute menuju Gardu Padang Sumberasri sebagai berikut: Blitar Nglegok  Kawasan Wisata Candi Penataran&ndash Desa Kedawung &ndash Desa Sumberasri &ndash Tugu Garuda di pertigaan Sumberasri belok ke kanan Ikuti jalan sampai dengan lokasi gardu pandang. Rute ini lebih aman namun sedikit memutar dengan kondisi jalan yang ramai dengan lalu-lalang truk pasir. Ada rute yang lebih pendek namun sedikit berbahaya dan tidak direkomendasikan untuk dilalui saat cuaca buruk. Rute pendek tersebut adalah sebagai berikut: Blitar &ndash Nglegok Pertigaan sebelum Kawasan Wisata Candi Penataran belok ke kanan &ndash Dam Kali Bladak &ndash Perkebunan Gambar &ndash Gardu Pandang. Dam Bladak adalah zona berbahaya dan tidak direkomendasikan untuk dilewati saat cuaca buruk karena rawan terdampak lahar dingin Gunung Kelud;food court, foto area;IMG_1516461808248.jpg;wisata alam;Bukit Teletubbies (Gardu Pandang);4.4
111;-8,0695284;112,4019109;;Point;Ds.kemirigede kec.Kesamben;Wisata Hutan Pinus Lereng Gogoniti atau lazimnya disebut Wisata Gogoniti secara administratif terletak di Gunung Gogoniti, Desa Kemirigede, Kec. Kesamben, Kab. Blitar. Sesuai dengan namanya, obyek wisata ini menyajikan suasanahutan pinus yang menyejukkan. Selain keasrian alamnya, Wisata Gogoniti juga memiliki sejumlah spot menarik seperti gapura selamat datang yang iconic, sejumlah hammock dan tempat duduk yang tersebar di antara pohon-pohonpinus, rumah pohon, dan sejumlah kedai makanan.Benar-benar tempat ngadem yang recommended;outbond,camping area, cafetaria,ancien stuff;IMG_1516462086165.jpg;wisata alam;Hutan Pinus Gogoniti;4.2
112;-8,1532263;112,2675547;;Point;Ds. kaulon Kec. Sutojayan;KALOKA singkatan dari KERATON Alas Lodoyo Kaulon. Sebelum dikembangkan sebagai wana wisata, kawasan Kaulon ini memang telah dikenal olehpara travelers karena merupakan jalur alternatif menuju Pantai Jolosutro. Pemandangan di hutan ini cukup indah, pepohonannya tampak berjajar apik memayungi ruas jalan bak terowongan alam. Kini di Kaulon telah dikembangkan wisata KALOKA yang mengambil tempat di pinggiran hulu Bendungan Wlingi Raya. Rute menuju wisata KALOKA adalah sebagai berikut: Kota Blitar &ndash Pendopo Kanigoro &ndash Perempatan Kanigoro ke kanan (Selatan) &ndash Pertigaan setelah Jembatan Kali Brantas ke kiri (Timur) &ndash Ikuti jalan hingga masuk kawasan hutan Kaulon &ndash Wisata KALOKA terletak di kiri jalan;food court, foto area;IMG_1516462258150.jpg;Taman;Kaloka;3.8
113;-7,983398;112,414175;;Point;Ds. Ngadirenggo Kec. wlingi;Puncak Kejora merupakan wana wisata berupa view deck. Letaknya tak jauh dari Wisata Agro Sirah Kencong. Bahkan view deck Bintang yang merupakan spot andalan dari wana wisata ini bisa dilihat dengan jelas dari jalanan menuju Sirah Kencong. Di kawasan Puncak Kejora ini terdapa tiga view deck yang telah dan akan dikembangkan, di antaranya adalah view deck bintang, view deck Gunung Buthak, dan view deck Gunung Kelud(dalam pengembangan). Masing-masing view deck menyuguhkan pemandangan yang berbeda. View deck Buthak dan Kelud masing-masing menghadap ke Puncak Buthak dan Kelud, sedangkan view deck bintang menghadap ke arah dataran rendah. Di antara view deck yang ada, view deck Bintang memiliki landscape pemandangan yang paling luas. Dari sini para traveler sekalian dapat melihat deretan gunung-gunung di selatan Pegunungan Kawi. Berturut-turut ada Gunung Gogoniti, Gunung Bathok, Gunung Kajang (Pagergunung) hingga Gunung Kidul yang menjadi batas pulau jawa dengan mahasamudera.;foto area, food court;IMG_1516462560314.jpg;wisata alam;Puncak Kejora;3.9
114;-7,9912259;112,220542;;Point;Ds. Penataran Kec. Nglegok;Wisata Alam Paco merupakan sebuah destinasi wisata berupa telaga alami yang terletak di antara rerimbunan pohon karet bolu raksasa. Kawasan ini awalnya merupakan tempat tampungan air irigasi, namun karena memiliki suasana dan panorama yang menjanjikan. Wisata Alam Paco secara administratif terletak di Desa Panataran, Kec. Nglegok, Kab. Blitar. Lokasi obyek wisata ini cukup strategis karena berada di antara Kawasan Wisata Candi Penataran dan Candi Gambar Wetan. Selain itu, lokasi obyek ini juga berada di pinggir jalur alternatif Blitar &ndash Obyek Wisata Gunung Kelud Kediri. Secara umum rute menuju Wisata Alam Paco adalah: Blitar  Nglegok pertigaan sebelum pintu masuk Kawasan Wisata Penataran belok ke kanan (ke arah Perkebunan Candi Sewu)  Wisata Alam Paco terletak di kiri jalan;Nature Spot;IMG_1516462849534.jpg;wisata alam;Telaga Pacuh;3.9
115;-8,0538506;112,0992952;;Point;Ds.kawedusan Kec.Ponggok;negeri dongeng merupakan wahana wisata yang berisikan miniatur landmark terkenal dari berbagai negara, seperti menara eifel, patung liberty, candi borobudur dll;food court, foto area;IMG_1516463082199.jpg;Taman;Negeri Dongeng;4.2
116;-7,9917741;112,3424759;;Point;Ds. Semen Kec. Gandusari;Kampung yang terletak di Semen, Gandusari, Blitar, Jawa Timurini memang memiliki keindahan yang luar biasa. Bagi kamu yang ingin berlibur bersama keluarga namun masih bingung ingin pergi ke tempat wisata seperti apa, coba deh berkunjung ke kampung wisata yang satu ini. Dan tempat wisata ini cocok banget untuk berkumpulnya keluarga.kampung Wisata Ekologis Puspa Jagad ini memang memiliki keindahan yang sangat luar biasa dan memiliki fasilitas yang cukup lengkap, disini kamu bisa berkumpul ria bersama keluarga dan juga bisa mencoba segala wahana yang ada di dalam Kampung Wisata Ekologis Puspa Jagad ini, bagi kamu yang penasaran, langsung aja deh pergi kesana;outbond,camping area, cafetaria;IMG_1516463383198.jpg;wisata edukasi;KWE Puspa Jagad;4.5
117;-8,0064899;112,2276773;;Point;Dsn. Karanganyar Ds.Modangan Kec. Nglegok;Kampung Melon atau Kampoeng Melon merupakan salah satu desa wisata berbasis agro dengan komoditi melon sebagai daya tarik andalannya. Kawasan wisata ini secara administratif masuk dalam wilayah Dusun Karaganyar, Desa Modangan, Kec. Nglegok, Kab. Blitar. Posisinya cukup strategis karena cukup dekat dengan Kawasan Wisata Candi Penatarandan sejalur dengan Perkebunan Kopi Karanganyar. Berikut rute menuju Kampung Melon: Kota Blitar Nglegok  Pertigaan Pasar Penataran belok kanan &ndash Perempatan Kantor Desa Modangan belok kiri &ndash Ikuti jalan hingga masuk kawasan Wisata Kampung Melon.;kebun melon;IMG_1516463587149.jpg;wisata agro;kampung Melon;4.9
118;-8,2535504;112,2694836;;Point;Ds. Panggungrejo Kec. Panggungrejo;"Kedung Golek merupakan sebuah jurug atau air terjun yang terletak di Desa Panggungrejo, Kec. Panggungrejo Kab. Blitar. Setelah dikembangkan jurug ini diberi nama Air Terjun Bidadari.
Rute untuk menuju ke lokasi air terjun cukup mudah. Dari Blitar arahkan perjalanan ke Sutojayan &ndash arah Pantai Serang &ndash Desa Panggungrejo &ndash Tugu Pancasila Panggungrejo lurus saja ( jika belok kiri arah ke Pantai Serang dan pehpulo) sampai ada SD 7 Panggungrejo kiri jalan &ndash belok kanan ikuti jalan tanah dan rabat beton sampai jalan menurun agak tajam";Air terjun;IMG_1516464357813.jpg;wisata alam;Air Terjun Bidadari;
119;-7,996926;112,240388;;Point;Dsn. Karanganyar Ds.Modangan Kec. Nglegok;Perkebunan Kopi Karanganyar secara administratif terletak di Dusun Karanganyar, Desa Modangan, Nglegok, Kab. Blitar. Letak perkebunan ini cukup strategis karena berada tak jauh dari Kawasan Wisata Penatarandan sejalur dengan beberapa destinasi wisata Blitar utara lainnya. Untuk menuju Perkebunan Karanganya berikut rute yang bisa digunakan: Pertigaan Pasar Penataran ambil kanan ke arah Desa Modangan &ndash Sesampai perempatan Kantor Desa Modangan ambil kiri searah dengan petunjuk arah menuju Arca Warak dan Kampoeng Melon &ndash Ikuti jalan yang tersedia hingga tiba di kawasan Perkebunan Karanganyar;perkebunan kopi, Cafetaria, musim;IMG_1516464527021.jpg;wisata edukasi;Kebun Kopi karanganyar;
120;-8,1474211;112,1574692;;Point;Ds. Rejowinangun Kec. Kademangan;omah jenang merupakan wisata edukasi ngudek jenang/mengaduk jenang blitar.Selain menyediakan Jenang, Madumongso, Wajik Klethik, Wajik Ketan di outlet kami juga menyediakan berbagai macam jajanan khas lainnya,antara lain  Geti, Sambel pecel, sagon, aneka kripik buah,kue roti,opak ladu,rengginang, carang mas, manco, kripik tempe;oleh-oleh;IMG_1516465012940.jpg;wisata edukasi;Omah jenang;
121;-7,9730441;112,4364437;;Point;Ds. Ngadirenggo Kec. wlingi;Obyek wisata ini dikenal memiliki keindahan alam yang tiada duanya, dikenal menyimpan peninggalan benda cagar budaya yang adiluhung, dan dikenal pula memiliki medan yang menantang. Inilah Wisata Agro Sirah Kencong. Terletak pada ketinggian 1000 m dpl, secara administratif masuk dalam wilayah Desa Ngadirenggo, Kec. Wlingi, Kab. Blitar, berada dalam pengelolaan PT. Perkebunan Nusantara XII.;warung makan,toilet,mushola,home stay;IMG_1517887367722.jpg;wisata alam;Perkebunan Sirah Kencong;
122;-8,13904466;112,2095704;;Point;Desa Karangsono Kecamatan Kanigoro Kabupaten Blitar;Kawasan wisata aryo kusumo adalah gabungan dari berbagai konsep wisata yang ada mulai dari kuliner, wisata kebun (Belimbing, Jambu Biji Merah dan Markisa), wisata produksi pengolahan berbagai macam makanan dan minuman organik, serta berbagai macam kerajinan tangan.Tidak hanya itu saja wisata Aryo Kusumo ini berbasis masyarakat dengan mengembangkan kearifan lokal di mana wisatawan tidak terbatas di pusat pengembangan wisata agro, namun bisa menikmati langsung di kebun milik masyarakat sekitar.;Petik Buah Blimbing,Pusat Oleh-oleh Buatan Masyarakat, Tempat Makan, edukasi;IMG_1525225913148.jpg;wisata agro;Agro Wisata Aryo Kusumo Karangsono;
123;-8,0996858;112,1474422;;Point;Jl. Tanjung No.160 , Kota Blitar, Jawa Timur;secara kualitas dan mutukain batikyang dihasilkan oleh masyarakat Blitar secara keseluruhan tidak kalah bagus dengan batik tulis dari daerah lain. Batik Blitar sendiri umumnya memiliki kekhasan corak tersendiri yang berbeda satu-sama lain, baik dari segi motif, ragam hias, dan juga warnanya yang disesuaikan dengansumber daya alam dan lingkungan yang ada di daerah tersebut;oleh-oleh, galery batik;IMG_1531717919154.jpeg;oleh-oleh;Batik Khas Blitar Mawar Putih;
